ticket_id,created_at,title,description,priority,status,category,platform,device_type,country,service,assigned_team,error_code,resolved_at,incident_id,is_isolated,is_duplicate
T000522,2026-02-11 14:12:00,Unable to cast VOD,Customers cnnot start VOD playback through Chromecast.,Medium,Resolved,Casting,Chromecast,Casting Device,DK,VOD,OTT Playback,CAST_FAIL,2026-02-11 15:40:00,INC0019,False,False
T000738,2026-01-29 12:35:00,DRM error on Samsung clients Please investigate.,Several customers cannot start playback on Samsung Smart TVs. DRM authorization returns error 403.,,Closed,DRM,Tizen,Smart TV,DK,Live TV,OTT Playback,DRM_403,2026-01-29 15:56:00,INC0046,False,False
T000741,2026-05-24 19:41:00,Black screen on Apple TV,Customers report player startup failures on Apple TV devices.,Medium,Resolved,Playback,tvOS,Apple TV,SE,Live TV,OTT Playback,PLAYER_START,2026-05-24 21:29:00,INC0030,False,False
T000661,2026-06-24 16:37:00,High buffering on VOD,Video delivery is slow and startup time has increased for browser clients.,Medium,Closed,CDN,Web,Browser,DK,VOD,CDN Operations,CDN_BUFFERING,2026-06-24 22:48:00,INC0034,False,False
T000412,2026-06-24 23:24:00,Playback fails on Samsung TV,Playback is failing on Tizen devices. Users report a black screen and DRM errors.,Medium,Closed,DRM,Tizen,Smart TV,DK,Live TV,OTT Playback,DRM_403,2026-06-25 01:25:00,INC0037,False,False
T000679,2026-06-24 15:45:00,Customers report repeated buffering,Users experience repeated buffering while watching on-demand content. CDN latency is elevated.,High,Closed,CDN,Web,Browser,DK,VOD,CDN Operations,CDN_BUFFERING,2026-06-24 19:19:00,INC0034,False,False
T000627,2026-05-24 19:05:00,Live TV fails on tvOS,Playback requests on tvOS are accepted but video never starts.,Low,In Progress,Playback,tvOS,Apple TV,SE,Live TV,OTT Playback,PLAYER_START,,INC0030,False,False
T000514,2026-03-03 04:26:00,EPG not updating,Customers cannot see programme titles for multiple live channels.,Medium,Resolved,Metadata,All,All,NO,EPG,Content Platform,EPG_MISSING,2026-03-03 08:20:00,INC0047,False,False
T000860,2026-02-20 04:26:00,Search spelling result,Search gives an unexpected result for one misspelled title.,High,Open,Other,Web,Browser,DK,Other,Customer Support,,,,True,False
T000137,2026-02-09 15:47:00,Black screen on Apple TV Please investigate.,Customers report player startup failures on Apple TV devices.,Medium,Closed,Playback,tvOS,Apple TV,SE,Live TV,OTT Playback,PLAYER_START,2026-02-10 02:38:00,INC0043,False,False
T000812,2026-03-28 05:29:00,Player startup failure Apple TV,tvOS clients are unable to initialize playback for live content.,High,Resolved,Playback,tvOS,Apple TV,SE,Live TV,OTT Playback,PLAYER_START,2026-03-28 14:52:00,INC0010,False,False
T000077,2026-05-24 09:22:00,Samsung playback returns 403,Several customers cannot start playback on Samsung Smart TVs. DRM authorization returns error 403.,Medium,Resolved,DRM,Tizen,Smart TV,DK,Live TV,OTT Playback,DRM_403,2026-05-24 19:50:00,INC0006,False,False
T000637,2026-02-11 15:52:00,Apple TV playback does not start,Live channels do not start on Apple TV. The player remains on a black screen.,Medium,Closed,Playback,tvOS,Apple TV,SE,Live TV,OTT Playback,PLAYER_START,2026-02-12 00:27:00,INC0022,False,False
T000974,2026-04-22 07:19:00,Missing programme information,Programme guide data is missing for several channels in Norway.,Low,Resolved,Metadata,All,All,NO,EPG,Content Platform,EPG_MISSING,2026-04-22 15:29:00,INC0039,False,True
T000939,2026-04-10 18:22:00,Remote control issue,One customer reports that the remote control is not responding.,Medium,Resolved,Other,iOS,Mobile,SE,Other,Customer Support,,,,True,False
T000900,2026-01-09 03:19:00,Profile avatar not saved,A user cannot save a new profile avatar.,High,Open,Other,Tizen,Browser,DK,Other,Customer Support,,,,True,False
T000281,2026-01-02 08:42:00,EPG data missing,Customers cannot see programme titles for multiple live channels.,Medium,Resolved,Metadata,All,All,NO,EPG,Content Platform,EPG_MISSING,2026-01-02 17:52:00,INC0008,False,False
T000884,2026-03-22 16:56:00,Remote control issue,One customer reports that the remote control is not responding.,Critical,Resolved,Other,Web,Mobile,SE,Other,Customer Support,,,,True,False
T000762,2026-06-05 20:34:00,Authentication error on mobile,The Android application does not complete login for multiple customers.,,In Progress,Authentication,Android,Mobile,DK,Login,Identity,AUTH_401,,INC0021,False,False
T000320,2026-06-21 10:09:00,Live TV fails on tvOS,tvOS clients are unable to initialize playback for live content.,High,Resolved,Metadata,tvOS,Apple TV,SE,Live TV,OTT Playback,PLAYER_START,2026-06-21 18:50:00,INC0020,False,False
T000550,2026-02-09 14:47:00,Apple TV playback does not start,tvOS clients are unable to initialize playback for live content.,High,In Progress,Playback,tvOS,Apple TV,SE,Live TV,OTT Playback,PLAYER_START,,INC0043,False,False
T000175,2026-06-03 10:33:00,Black screen when starting live TV,Playback is failing on Tizen devices. Users report a black screen and DRM errors.,Medium,Resolved,DRM,Tizen,Smart TV,DK,Live TV,OTT Playback,DRM_403,2026-06-03 13:40:00,INC0045,False,False
T000372,2026-02-28 04:47:00,Black screen when starting live TV,Several customers cannot start playback on Samsung Smart TVs. DRM authorization returns error 403.,High,In Progress,DRM,Tizen,Smart TV,DK,Live TV,OTT Playback,DRM_403,,INC0025,False,False
T000528,2026-01-21 21:17:00,Users see not subscribed message,Customers with an active subscription are denied access to entitled content.,Low,Resolved,Authorization,All,All,DK,Subscription,Entitlements,ENTITLEMENT_DENIED,2026-01-22 06:51:00,INC0014,False,False
T000211,2026-06-25 02:26:00,DRM error on Samsung devices,Several customers cannot start playback on Samsung Smart TVs. DRM authorization returns error 403.,Medium,Closed,DRM,Tizen,Smart TV,DK,Live TV,OTT Playback,DRM_403,2026-06-25 06:25:00,INC0037,False,False
T000236,2026-05-19 19:28:00,Customers report repeated buffering,A high buffering ratio is observed across VOD sessions serve by the primary CDN.,Medium,Resolved,CDN,Web,Browser,DK,VOD,CDN Operations,CDN_BUFFERING,2026-05-19 21:54:00,INC0044,False,False
T000102,2026-04-22 06:55:00,EPG data missing,The EPG contains empty schedule slots and has not refreshed correctly.,High,Open,Metadata,All,All,NO,EPG,Content Platform,EPG_MISSING,,INC0039,False,False
T000987,2026-05-24 18:33:00,Apple TV playback does not start,Customers report player startup failures on Apple TV devices.,High,Resolved,Playback,tvOS,Apple TV,SE,Live TV,OTT Playback,PLAYER_START,2026-05-24 23:21:00,INC0030,False,True
T000903,2026-06-21 08:55:00,Remote control issue Please investigate.,One customer reports that the remote control is not responding.,Medium,Closed,Other,Android,Smart TV,NO,Other,Customer Support,,,,True,False
T000948,2026-05-05 06:48:00,Profile avatar not saved,A user cannot save a new profile avatar.,Medium,Resolved,Other,Tizen,Browser,DK,Other,Customer Support,,,,True,False
T000347,2026-06-03 13:30:00,Black screen when starting live TV,Several customers cannot start playback on Samsung Smart TVs. DRM authorization returns error 403.,High,Resolved,DRM,Tizen,Smart TV,DK,Live TV,OTT Playback,DRM_403,2026-06-03 21:26:00,INC0045,False,False
T000140,2026-02-26 18:26:00,Entitlement check failing,Valid subscribers receive an authorization denied response.,High,Closed,Authorization,All,All,DK,Subscription,Entitlements,ENTITLEMENT_DENIED,2026-02-27 03:46:00,INC0007,False,False
T000622,2026-05-27 00:34:00,Player startup failure Apple TV,Customers report player startup failures on Apple TV devices.,Medium,Resolved,Playback,tvOS,Apple TV,SE,Live TV,OTT Playback,PLAYER_START,2026-05-27 04:33:00,INC0027,False,False
T000500,2026-04-22 08:31:00,TV guide has empty slots,Customers cannot see programme titles for multiple live channels.,High,Resolved,Metadata,All,All,NO,EPG,Content Platform,EPG_MISSING,2026-04-22 10:00:00,INC0039,False,False
T000371,2026-06-24 02:47:00,Authentication error on mobile,The Android application does not complete login for multiple customers.,Low,In Progress,Authentication,Android,Mobile,DK,Login,Identity,AUTH_401,,INC0003,False,False
T000199,2026-02-11 15:16:00,Player startup failure Apple TV,Playback requests on tvOS are accepted but video never starts.,Medium,Resolved,Playback,tvOS,Apple TV,SE,Live TV,OTT Playback,PLAYER_START,2026-02-11 18:50:00,INC0022,False,False
T000688,2026-04-08 09:50:00,Android users cannot log in,Authentication requests from Android are rejected with 401 responses.,High,Resolved,Authentication,Android,Mobile,DK,Login,Identity,AUTH_401,2026-04-08 19:24:00,INC0018,False,False
T000585,2026-06-23 23:57:00,Authentication error on mobile,The Android application does not complete login for multiple customers.,Low,Resolved,Authentication,Android,Mobile,DK,Login,Identity,AUTH_401,2026-06-24 01:10:00,INC0003,False,False
T000902,2026-01-08 01:31:00,Volume mismatch,Volume level changes between two specific channels.,High,Resolved,Other,Tizen,Browser,SE,Other,Customer Support,,,,True,False
T000060,2026-06-25 11:18:00,Player startup failure Apple TV,Playback requests on tvOS are accepted but video never starts.,Medium,Resolved,Casting,tvOS,Apple TV,SE,Live TV,OTT Playback,PLAYER_START,2026-06-25 17:54:00,INC0024,False,False
T000329,2026-02-06 08:31:00,Stream timeout on set-top boxes Please investigate.,Timeout errors are increasing for Android TV live sessions.,Medium,In Progress,Network,Android TV,Set-top Box,DK,Live TV,Network Operations,TIMEOUT,,INC0029,False,False
T000097,2026-02-06 09:02:00,Playback timeout on STB,Timeout errors are increasing for Android TV live sessions.,High,In Progress,Network,Android TV,Set-top Box,DK,Live TV,Network Operations,TIMEOUT,,INC0029,False,False
T000313,2026-04-22 07:56:00,EPG not updating,TV guide metadata appears stal or missing across supported devices.,Medium,Open,Metadata,All,All,NO,EPG,Content Platform,EPG_MISSING,,INC0039,False,False
T000975,2026-04-08 09:16:00,401 when signing in on Android,The Android application does not complete login for multiple customers.,Medium,Resolved,Authentication,Android,Mobile,DK,Login,Identity,AUTH_401,2026-04-08 16:30:00,INC0018,False,True
T000300,2026-03-03 02:04:00,Missing programme information Please investigate.,TV guide metadata appears stale or missing across supported devices.,Medium,Resolved,Metadata,All,All,NO,EPG,Content Platform,EPG_MISSING,2026-03-03 02:45:00,INC0047,False,False
T000278,2026-02-11 14:43:00,Black screen on Apple TV,tvOS clients are unable to initialize playback for live content.,Medium,Closed,Playback,tvOS,Apple TV,SE,Live TV,OTT Playback,PLAYER_START,2026-02-12 00:30:00,INC0022,False,False
T000925,2026-03-15 15:49:00,Search spelling result,Search gives an unexpected result for one misspelled title.,Low,Resolved,Other,Tizen,Mobile,SE,Other,Customer Support,,,,True,False
T000602,2026-05-21 08:03:00,Playback timeout on STB,Android TV set-top boxes report connection timeouts while starting live channels.,Critical,Resolved,Network,Android TV,Set-top Box,DK,Live TV,Network Operations,TIMEOUT,2026-05-21 10:53:00,INC0050,False,False
T000440,2026-05-10 04:53:00,VOD playback buffering in Denmark,A high buffering ratio is observed across VOD sessions served by the primary CDN.,,Closed,CDN,Web,Browser,DK,VOD,CDN Operations,CDN_BUFFERING,2026-05-10 06:44:00,INC0041,False,False
T000838,2026-06-13 22:59:00,Missing programme information,The EPG contains empty schedule slots and has not refreshed correctly.,Critical,Closed,Metadata,All,All,NO,EPG,Content Platform,EPG_MISSING,2026-06-14 10:58:00,INC0023,False,False
T000571,2026-05-30 14:54:00,Entitlement check failing,Valid subscribers receive an authorization denied response.,High,In Progress,Authorization,All,All,DK,Subscription,Entitlements,ENTITLEMENT_DENIED,,INC0031,False,False
T000880,2026-05-08 13:27:00,Search spelling result,Search gives an unexpecte result for one misspelled title.,High,In Progress,Other,Android,Smart TV,SE,Other,Customer Support,,,,True,False
T000262,2026-02-05 19:53:00,Apple TV playback does not start,Live channels do not start on Apple TV. The player remains on a black screen.,High,Closed,Playback,tvOS,Apple TV,SE,Live TV,OTT Playback,PLAYER_START,2026-02-06 04:26:00,INC0032,False,False
T000579,2026-02-09 15:22:00,Player starup failure Apple TV,Customers report player startup failures on Apple TV devices.,Critical,In Progress,Playback,tvOS,Apple TV,SE,Live TV,OTT Playback,PLAYER_START,,INC0043,False,False
T000024,2026-06-21 11:56:00,Black screen on Apple TV,tvOS clients are unable to initialize playback for live content.,High,Closed,Playback,tvOS,Apple TV,SE,Live TV,OTT Playback,PLAYER_START,2026-06-21 18:55:00,INC0020,False,False
T000031,2026-02-06 09:10:00,Playback timeout on STB,Live playback fails intermittently due to upstream timeout errors.,High,Resolved,Network,Android TV,Set-top Box,DK,Live TV,Network Operations,TIMEOUT,2026-02-06 17:25:00,INC0029,False,False
T000618,2026-02-06 09:15:00,Live TV timeout on Android TV,Android TV set-top boxes report connection timeouts while starting live channels.,Low,Open,Network,Android TV,Set-top Box,DK,Live TV,Network Operations,TIMEOUT,,INC0029,False,False
T000011,2026-02-11 17:41:00,Player startup failure Apple TV,Live channels do not start on Apple TV. The player remains on a black screen.,High,Resolved,Playback,tvOS,Apple TV,SE,Live TV,OTT Playback,PLAYER_START,2026-02-11 20:14:00,INC0022,False,False
T000222,2026-06-25 13:55:00,Black screen on Apple TV,Live channels do nt start on Apple TV. The player remains on a black screen.,Medium,Resolved,Authentication,tvOS,Apple TV,SE,Live TV,OTT Playback,PLAYER_START,2026-06-26 01:21:00,INC0024,False,False
T000821,2026-05-17 05:09:00,401 when signing in on Android Please investigate.,The Android application does not complete login for multiple customers.,High,Resolved,Authentication,Android,Mobile,DK,Login,Identity,AUTH_401,2026-05-17 11:38:00,INC0049,False,False
T000297,2026-06-21 12:43:00,Apple TV playback does not start,Playback requests on tvOS are accepted but video never starts.,Medium,In Progress,Playback,tvOS,Apple TV,SE,Live TV,OTT Playback,PLAYER_START,,INC0020,False,False
T000055,2026-03-03 01:48:00,Missing programme information,Customers cannot see programme titles for multiple live channels.,High,Closed,Metadata,All,All,NO,EPG,Content Platform,EPG_MISSING,2026-03-03 03:40:00,INC0047,False,False
T000543,2026-04-28 19:11:00,Playback fails on Samsung TV,Several customers cannot start playback on Samsung Smart TVs. DRM authorization returns error 403.,High,Resolved,DRM,Tizen,Smart TV,DK,Live TV,OTT Playback,DRM_403,2026-04-28 22:37:00,INC0013,False,False
T000210,2026-02-27 05:48:00,Black screen on Apple TV,Customers report player startup failures on Apple TV devices.,Medium,Resolved,Playback,tvOS,Apple TV,SE,Live TV,OTT Playback,PLAYER_START,2026-02-27 12:29:00,INC0002,False,False
T000605,2026-03-29 12:04:00,Subscription authorization denied,Entitlement validation incorrectly reports that users do not have a subscription.,Medium,Open,Authorization,All,All,DK,Subscription,Entitlements,ENTITLEMENT_DENIED,,INC0009,False,False
T000693,2026-05-19 18:08:00,Slow video deivery from CDN,Video delivery is slow and startup time has increased for browser clients.,High,Closed,CDN,Web,Browser,DK,VOD,CDN Operations,CDN_BUFFERING,2026-05-19 19:55:00,INC0044,False,False
T000663,2026-01-21 08:30:00,TV guide has empty slots,The EPG contains empty schedule slots and has not refreshed correctly.,Medium,Closed,Casting,All,All,NO,EPG,Content Platform,EPG_MISSING,2026-01-21 14:48:00,INC0017,False,False
T000867,2026-06-18 02:21:00,Volume mismatch,Volume level changes between two specific channels. Please investigate.,Medium,Closed,Other,Tizen,Mobile,DK,Other,Customer Support,,,,True,False
T000071,2026-06-24 16:28:00,Customers rport repeated buffering,Users experience repeated buffering while watching on-demand content. CDN latency is elevated.,Medium,Open,CDN,Web,Browser,DK,VOD,CDN Operations,CDN_BUFFERING,,INC0034,False,False
T000544,2026-03-09 17:15:00,Black screen when starting live TV,Playback is failing on Tizen devices. Users report a black screen and DRM errors.,High,In Progress,DRM,Tizen,Smart TV,DK,Live TV,OTT Playback,DRM_403,,INC0040,False,False
T000108,2026-04-13 09:39:00,Cast session disconnects,Users cannot start VOD playback through Chromecast.,Medium,Resolved,Casting,Chromecast,Casting Device,DK,VOD,OTT Playback,CAST_FAIL,2026-04-13 15:46:00,INC0026,False,False
T000494,2026-05-19 19:14:00,Customers report repeated buffering,VOD sessions show a significant increase in buffering for customers in Denmark.,Medium,In Progress,CDN,Web,Browser,DK,VOD,CDN Operations,CDN_BUFFERING,,INC0044,False,False
T000591,2026-05-28 08:00:00,Unable to cast VOD Please investigate.,Casting begins but the session disconnects before video starts.,Low,Resolved,Casting,Chromecast,Casting Device,DK,VOD,OTT Playback,CAST_FAIL,2026-05-28 12:54:00,INC0015,False,False
T000742,2026-05-24 10:29:00,DRM error on Samsung devices,Users on Samsung Smart TV are unable to play content. Error 403 is observed during DRM validation.,Medium,Resolved,DRM,Tizen,Smart TV,DK,Live TV,OTT Playback,DRM_403,2026-05-24 15:01:00,INC0006,False,False
T000293,2026-06-17 18:05:00,Player startup failure Apple TV,tvOS clients are unable to initialize playback for live content.,High,Resolved,Playback,tvOS,Apple TV,SE,Live TV,OTT Playback,PLAYER_START,2026-06-17 22:30:00,INC0028,False,False
T000290,2026-04-08 10:49:00,Login failing in Android app,The Android application does not complete login for multiple customers.,Medium,In Progress,Authentication,Android,Mobile,DK,Login,Identity,AUTH_401,,INC0018,False,False
T000653,2026-02-28 04:58:00,DRM error on Samsung devices,Users on Samsung Smart TV are unable to play content. Error 403 is observed during DRM validation. Please investigate.,Medium,In Progress,DRM,Tizen,Smart TV,DK,Live TV,OTT Playback,DRM_403,,INC0025,False,False
T000040,2026-06-05 22:44:00,Login failing in Android app,Customers using the Android app are unable to sign in and receive HTTP 401.,Medium,Open,CDN,Android,Mobile,DK,Login,Identity,AUTH_401,,INC0021,False,False
T000590,2026-05-21 06:55:00,Stream timeout on set-top boxes,Android TV set-top boxes report connection timeouts while starting live channels.,Medium,Resolved,Network,Android TV,Set-top Box,DK,Live TV,Network Operations,TIMEOUT,2026-05-21 14:05:00,INC0050,False,False
T000308,2026-04-09 13:32:00,Authentication error on mobile,Customers using the Android app are unable to sign in and receive HTTP 401.,Critical,Resolved,Authentication,Android,Mobile,DK,Login,Identity,AUTH_401,2026-04-09 20:16:00,INC0035,False,False
T000680,2026-06-24 14:54:00,VOD playback buffering in Denmark,Video delivery is slow and startup time has increased for browser clients.,Critical,In Progress,CDN,Web,Browser,DK,VOD,CDN Operations,CDN_BUFFERING,,INC0034,False,False
T000067,2026-02-09 15:48:00,Apple TV playback does not start,tvOS clients are unable to initialize streaming for live content.,Medium,Closed,Playback,tvOS,Apple TV,SE,Live TV,OTT Playback,PLAYER_START,2026-02-09 23:21:00,INC0043,False,False
T000276,2026-01-21 11:39:00,Missing programme information,The EPG contains empty schedule slots and has not refreshed correctly.,,Closed,Metadata,All,All,NO,EPG,Content Platform,EPG_MISSING,2026-01-21 21:09:00,INC0017,False,False
T000068,2026-06-25 00:04:00,Playback fails on Samsung TV,Several customers cannot start playback on Samsung Smart TVs. DRM authorization returns issue 403.,Medium,Closed,DRM,Tizen,Smart TV,DK,Live TV,OTT Playback,DRM_403,2026-06-25 07:43:00,INC0037,False,False
T000319,2026-02-28 02:50:00,Playback fails on Samsung TV,Several customers cannot start playback on Samsung Smart TVs. DRM authorization returns error 403.,Low,Resolved,DRM,Tizen,Smart TV,DK,Live TV,OTT Playback,DRM_403,2026-02-28 09:39:00,INC0025,False,False
T000549,2026-01-29 14:05:00,Playback fails on Samsung TV,Users on Samsung Smart TV are unable to play content. Error 403 is observed during DRM validation.,Medium,In Progress,DRM,Tizen,Smart TV,DK,Live TV,OTT Playback,DRM_403,,INC0046,False,False
T000999,2026-01-25 15:25:00,Subscription authorization denied,Content access is blocked even though the subscription is active.,Low,Resolved,Authorization,All,All,DK,Subscription,Entitlements,ENTITLEMENT_DENIED,2026-01-25 20:50:00,INC0011,False,True
T000715,2026-04-09 14:41:00,Android users cannot log in,The Android application does not complete login for multiple customers.,Medium,Open,Authentication,Android,Mobile,DK,Login,Identity,AUTH_401,,INC0035,False,False
T000754,2026-02-26 17:24:00,Subscribed users cannot access content,Content access is blocked even though the subscription is active.,Medium,Closed,Authorization,All,All,DK,Subscription,Entitlements,ENTITLEMENT_DENIED,2026-02-27 00:38:00,INC0007,False,False
T000328,2026-05-17 06:49:00,401 when signing in on Android,The Android application does not complete login for multiple customers. Please investigate.,Medium,In Progress,Authentication,Android,Mobile,DK,Login,Identity,AUTH_401,,INC0049,False,False
T000383,2026-01-13 00:22:00,401 when signing in on ndroid,The Android application does not complete login for multiple customers.,High,Closed,Authentication,Android,Mobile,DK,Login,Identity,AUTH_401,2026-01-13 07:44:00,INC0016,False,False
T000452,2026-02-11 14:07:00,Cast session disconnects,The mobile app connects to Chromecast but playback fails to initialize.,Medium,In Progress,Casting,Chromecast,Casting Device,DK,VOD,OTT Playback,CAST_FAIL,,INC0019,False,False
T000523,2026-01-21 19:27:00,Subscribed users cannot access content,Valid subscribers receive an authorization denied response.,High,Resolved,Authentication,All,All,DK,Subscription,Entitlements,ENTITLEMENT_DENIED,2026-01-21 20:32:00,INC0014,False,False
T000219,2026-06-25 02:22:00,Playback fails on Samsung TV,Users on Samsung Smart TV are nable to play content. Error 403 is observed during DRM validation.,High,Resolved,DRM,Tizen,Smart TV,DK,Live TV,OTT Playback,DRM_403,2026-06-25 05:24:00,INC0037,False,False
T000788,2026-05-24 20:32:00,Live TV fails on tvOS,Live channels do not start on Apple TV. The player remains on a black screen.,High,Open,Playback,tvOS,Apple TV,SE,Live TV,OTT Playback,PLAYER_START,,INC0030,False,False
T000437,2026-01-25 14:52:00,Subscription authorization denied,Valid suscribers receive an authorization denied response.,Medium,Resolved,Authorization,All,All,DK,Subscription,Entitlements,ENTITLEMENT_DENIED,2026-01-25 19:39:00,INC0011,False,False
T000765,2026-02-11 13:44:00,Chromecast cannot start stream,Users cannot start VOD playback through Chromecast.,High,Closed,Casting,Chromecast,Casting Device,DK,VOD,OTT Playback,CAST_FAIL,2026-02-11 22:26:00,INC0019,False,False
T000089,2026-06-25 00:53:00,Playback fails on Samsung TV,Several customers cannot start playback on Samsung Smart TVs. DRM authorization returns error 403.,,Resolved,DRM,Tizen,Smart TV,DK,Live TV,OTT Playback,DRM_403,2026-06-25 04:24:00,INC0037,False,False
T000064,2026-02-06 08:26:00,Stream timeout on set-top boxes,Set-top boxes lose the streaming connection shortly after playback starts.,Medium,Resolved,Network,Android TV,Set-top Box,DK,Live TV,Network Operations,TIMEOUT,2026-02-06 10:08:00,INC0029,False,False
T000827,2026-01-23 02:59:00,Android users cannot log in Please investigate.,Login attempts fail on Android mobile devices after entering valid credentials.,Critical,Resolved,Authentication,Android,Mobile,DK,Login,Identity,AUTH_401,2026-01-23 08:19:00,INC0048,False,False
T000717,2026-01-21 10:47:00,EPG not updating Please investigate.,TV guide metadata appears stale or missing across supported devices.,Medium,Resolved,Metadata,All,All,NO,EPG,Content Platform,EPG_MISSING,2026-01-21 16:32:00,INC0017,False,False
T000352,2026-01-24 08:47:00,Samsung playback returns 403,Playback is failing on Tizen devices. Users report a black screen and DRM errors.,High,Resolved,CDN,Tizen,Smart TV,DK,Live TV,OTT Playback,DRM_403,2026-01-24 10:58:00,INC0005,False,False
T000937,2026-03-24 00:31:00,Profile avatar not saved,A user cannot save a new profile avatar.,High,Closed,Other,Android,Mobile,DK,Other,Customer Support,,,,True,False
T000257,2026-04-09 13:28:00,Android users cannot log in,Customers using the Android app are unable to sign in and receive HTTP 401.,Low,Resolved,Authentication,Android,Mobile,DK,Login,Identity,AUTH_401,2026-04-09 18:17:00,INC0035,False,False
T000636,2026-01-24 08:18:00,Samsung playback returns 403,Playback is failing on Tizen devices. Users report a black screen and DRM errors.,High,Open,DRM,Tizen,Smart TV,DK,Live TV,OTT Playback,DRM_403,,INC0005,False,False
T000645,2026-02-27 05:04:00,Black screen on Apple TV,Playback requests on tvOS are accepted but video never starts.,High,Open,Playback,tvOS,Apple TV,SE,Live TV,OTT Playback,PLAYER_START,,INC0002,False,False
T000555,2026-01-02 06:54:00,TV guide has empty slots,Customers cannot see programme titles for multiple live channels.,High,Resolved,Metadata,All,All,NO,EPG,Content Platform,EPG_MISSING,2026-01-02 17:01:00,INC0008,False,False
T000960,2026-03-03 02:12:00,EPG data missing,Programme guide data is missing for several channels in Norway.,Medium,Closed,Authorization,All,All,NO,EPG,Content Platform,EPG_MISSING,2026-03-03 10:15:00,INC0047,False,True
T000169,2026-03-28 03:22:00,Live TV fails on tvOS,tvOS clients are unable to initialize playback for live content.,High,Resolved,Playback,tvOS,Apple TV,SE,Live TV,OTT Playback,PLAYER_START,2026-03-28 12:45:00,INC0010,False,False
T000918,2026-01-07 14:31:00,Search spelling result Please investigate.,Search gives an unexpected result for one misspelled title.,Medium,Closed,Other,Web,Mobile,SE,Other,Customer Support,,,,True,False
T000529,2026-06-13 19:17:00,TV guide has empty slots,Programme guide data is missing for several channels in Norway.,Medium,Open,Metadata,All,All,NO,EPG,Content Platform,EPG_MISSING,,INC0042,False,False
T000824,2026-06-04 12:27:00,Cast session disconnects,Casting begins but the session disconnects before video starts.,Medium,Closed,Casting,Chromecast,Casting Device,DK,VOD,OTT Playback,CAST_FAIL,2026-06-04 21:18:00,INC0012,False,False
T000986,2026-01-12 23:49:00,Login failing in Android app,Login attempts fail on Android mobile devices after entering valid credentials.,Medium,Closed,Authentication,Android,Mobile,DK,Login,Identity,AUTH_401,2026-01-13 07:18:00,INC0016,False,True
T000817,2026-03-09 18:44:00,Black screen when starting live TV Please investigate.,Live TV does not start on Samsung televisions. The client reports DRM authorization failure.,High,Open,DRM,Tizen,Smart TV,DK,Live TV,OTT Playback,DRM_403,,INC0040,False,False
T000087,2026-05-30 15:21:00,Customes see not subscribed message Please investigate.,Entitlement validation incorrectly reports that users do not have a subscription.,Medium,Resolved,Authorization,All,All,DK,Subscription,Entitlements,ENTITLEMENT_DENIED,2026-05-30 18:03:00,INC0031,False,False
T000433,2026-02-26 15:21:00,Customers see not subscribed message Please investigate.,Valid subscribers receive an authorization denied response.,Medium,Closed,Authorization,All,All,DK,Subscription,Entitlements,ENTITLEMENT_DENIED,2026-02-26 19:20:00,INC0007,False,False
T000185,2026-05-16 09:38:00,Stream timeout on set-top boxes,Live streaming fails intermittently due to upstream timeout errors.,High,Resolved,Network,Android TV,Set-top Box,DK,Live TV,Network Operations,TIMEOUT,2026-05-16 11:34:00,INC0036,False,False
T000979,2026-04-08 12:10:00,401 when signing in on Android,Customers using the Android app are unable to sign in and receive HTTP 401.,Low,Resolved,Authentication,Android,Mobile,DK,Login,Identity,AUTH_401,2026-04-08 22:45:00,INC0018,False,True
T000535,2026-05-10 04:46:00,Customers report repeated buffering,A high buffering ratio is observed across VOD sessions served by the primary CDN.,Critical,Closed,CDN,Web,Browser,DK,VOD,CDN Operations,CDN_BUFFERING,2026-05-10 09:44:00,INC0041,False,False
T000295,2026-06-21 12:05:00,Black creen on Apple TV,tvOS clients are unable to initialize playback for live content.,High,Closed,Playback,tvOS,Apple TV,SE,Live TV,OTT Playback,PLAYER_START,2026-06-21 20:55:00,INC0020,False,False
T000893,2026-03-24 12:48:00,Profile avatar not saved,A user cannot save a new profile avatar.,High,Open,Other,Android,Smart TV,DK,Other,Customer Support,,,,True,False
T000426,2026-05-24 09:48:00,Black screen when starting live TV,Playback is failing on Tizen devices. Users report a black screen and DRM errors.,Medium,Open,DRM,Tizen,Smart TV,DK,Live TV,OTT Playback,DRM_403,,INC0006,False,False
T000714,2026-03-09 18:25:00,Black screen when starting live TV,Live TV does not start on Samsung televisions. The client reports DRM authorization failure.,High,Resolved,DRM,Tizen,Smart TV,DK,Live TV,OTT Playback,DRM_403,2026-03-10 05:31:00,INC0040,False,False
T000261,2026-01-21 10:23:00,EPG not updating,Programme guide data is missing for several channels in Norway.,Medium,Resolved,Metadata,All,All,NO,EPG,Content Platform,EPG_MISSING,2026-01-21 20:00:00,INC0017,False,False
T000238,2026-02-11 13:17:00,Cast session disconnects,Casting begins but the session disconnects before video starts.,Medium,In Progress,Casting,Chromecast,Casting Device,DK,VOD,OTT Playback,CAST_FAIL,,INC0019,False,False
T000560,2026-06-24 00:27:00,Authentication error on mobile,The Android application does not complete login for multiple customers.,Medium,Resolved,Authentication,Android,Mobile,DK,Login,Identity,AUTH_401,2026-06-24 04:53:00,INC0003,False,False
T000584,2026-06-21 11:43:00,Live TV fais on tvOS,Customers report player startup failures on Apple TV devices.,Medium,Closed,Playback,tvOS,Apple TV,SE,Live TV,OTT Playback,PLAYER_START,2026-06-21 22:51:00,INC0020,False,False
T000446,2026-01-21 10:31:00,EPG not updating,The EPG contains empty schedule slots and has not refreshed correctly.,Medium,Resolved,Metadata,All,All,NO,EPG,Content Platform,EPG_MISSING,2026-01-21 15:21:00,INC0017,False,False
T000868,2026-06-28 12:21:00,Profile avatar not saved,A user cannot save a new profile avatar.,Medium,Resolved,Other,Android,Mobile,SE,Other,Customer Support,,,,True,False
T000801,2026-01-24 08:05:00,Playback fails on Samsung TV,Several customers cannot start playback on Samsung Smart TVs. DRM authorization returns error 403.,Medium,Resolved,DRM,Tizen,Smart TV,DK,Live TV,OTT Playback,DRM_403,2026-01-24 19:32:00,INC0005,False,False
T000600,2026-01-02 06:41:00,Missing programme information,Programme guide data is missing for several channels in Norway.,High,Closed,Metadata,All,All,NO,EPG,Content Platform,EPG_MISSING,2026-01-02 08:45:00,INC0008,False,False
T000850,2026-02-06 11:17:00,Live TV timeout on Android TV,Live layback fails intermittently due to upstream timeout errors.,Critical,Resolved,Network,Android TV,Set-top Box,DK,Live TV,Network Operations,TIMEOUT,2026-02-06 14:03:00,INC0029,False,False
T000266,2026-01-24 07:12:00,Playback is failing on Samsung TV,Users on Samsung Smart TV are unable to play content. Error 403 is observed during DRM validation.,High,Resolved,DRM,Tizen,Smart TV,DK,Live TV,OTT Playback,DRM_403,2026-01-24 13:59:00,INC0005,False,False
T000996,2026-02-05 20:23:00,Apple TV playback does not start,Live channels do not start on Apple TV. The player remains on a black screen.,High,Closed,Playback,tvOS,Apple TV,SE,Live TV,OTT Playback,PLAYER_START,2026-02-06 04:26:00,INC0032,False,True
T000530,2026-06-05 22:51:00,Login failing in Android app,The Android application does not complete login for multiple users.,High,Resolved,Authentication,Android,Mobile,DK,Login,Identity,AUTH_401,2026-06-06 05:48:00,INC0021,False,False
T000056,2026-02-11 14:33:00,Chromecast cannot start stream,Chromecast sessions terminate unexpectedly during stream startup.,Low,Closed,Casting,Chromecast,Casting Device,DK,VOD,OTT Playback,CAST_FAIL,2026-02-11 20:39:00,INC0019,False,False
T000121,2026-05-24 18:34:00,Player startup failure Apple TV,Customers report player startup failures on Apple TV devices.,High,Resolved,Playback,tvOS,Apple TV,SE,Live TV,OTT Playback,PLAYER_START,2026-05-24 21:37:00,INC0030,False,False
T000216,2026-06-04 10:06:00,Cast session disconnects,The mobile app connects to Chromecast but playback fails to initialize.,Medium,Resolved,Casting,Chromecast,Casting Device,DK,VOD,OTT Playback,CAST_FAIL,2026-06-04 12:05:00,INC0012,False,False
T000026,2026-02-11 17:38:00,Black screen on Apple TV,Live channels do not start on Apple TV. The player remains on a black screen.,High,In Progress,Playback,tvOS,Apple TV,SE,Live TV,OTT Playback,PLAYER_START,,INC0022,False,False
T000073,2026-01-02 07:27:00,TV guide has empty slots,Customers cannot see programme titles for multiple live channels.,Low,Closed,Metadata,All,All,NO,EPG,Content Platform,EPG_MISSING,2026-01-02 08:08:00,INC0008,False,False
T000045,2026-02-28 02:39:00,DRM error on Samsung devices,Users on Samsung Smart TV are unable to play content. Error 403 is observed during DRM validation.,Medium,Resolved,DRM,Tizen,Smart TV,DK,Live TV,OTT Playback,DRM_403,2026-02-28 13:12:00,INC0025,False,False
T000248,2026-04-09 14:54:00,Login failing in Android app,The Android application does not complete login for multiple customers.,High,Resolved,Authentication,Android,Mobile,DK,Login,Identity,AUTH_401,2026-04-09 15:21:00,INC0035,False,False
T000722,2026-04-13 08:53:00,Cast session disconnects,Chromecast sessions terminate unexpectedly during stream startup.,Medium,Closed,Casting,Chromecast,Casting Device,DK,VOD,OTT Playback,CAST_FAIL,2026-04-13 19:33:00,INC0026,False,False
T000282,2026-06-25 11:40:00,Black screen on Apple TV,Customers report player startup failures on Apple TV devices.,High,Resolved,Playback,tvOS,Apple TV,SE,Live TV,OTT Playback,PLAYER_START,2026-06-25 20:30:00,INC0024,False,False
T000894,2026-02-28 18:31:00,Subtitle preference reset,Subtitle language preference resets after application restart.,Medium,Open,Other,iOS,Mobile,NO,Other,Customer Support,,,,True,False
T000915,2026-03-12 22:36:00,Volume mismatch,Volume level changes between two specific channels.,Medium,Closed,Other,iOS,Browser,DK,Other,Customer Support,,,,True,False
T000811,2026-02-06 09:59:00,Live TV timeout on Android TV,Live playback fails intermittently due to upstream timeout issues. Please investigate.,Medium,Closed,Network,Android TV,Set-top Box,DK,Live TV,Network Operations,TIMEOUT,2026-02-06 19:45:00,INC0029,False,False
T000245,2026-06-04 11:04:00,Unable to cast VOD,Casting begins but the session disconnects before video starts.,Critical,Resolved,Casting,Chromecast,Casting Device,DK,VOD,OTT Playback,CAST_FAIL,2026-06-04 12:33:00,INC0012,False,False
T000823,2026-01-12 22:24:00,Authentication error on mobile,Login attempts fail on Android mobile clients after entering valid credentials.,High,Resolved,Authentication,Android,Mobile,DK,Login,Identity,AUTH_401,2026-01-13 06:20:00,INC0016,False,False
T000322,2026-06-17 16:44:00,Live TV fails on tvOS,tvOS clients are unable to initialize playback for live content.,Medium,Resolved,Playback,tvOS,Apple TV,SE,Live TV,OTT Playback,PLAYER_START,2026-06-18 03:23:00,INC0028,False,False
T000644,2026-02-28 02:51:00,Playback fails on Samsung TV,Users on Samsung Smart TV are unable to play content. Error 403 is observed during DRM validation. Please investigate.,Medium,Open,DRM,Tizen,Smart TV,DK,Live TV,OTT Playback,DRM_403,,INC0025,False,False
T000159,2026-05-24 19:40:00,Apple TV playback does not start,Customers report player startup failures on Apple TV devices.,Medium,Resolved,Playback,tvOS,Apple TV,SE,Live TV,OTT Playback,PLAYER_START,2026-05-25 04:27:00,INC0030,False,False
T000978,2026-06-04 10:02:00,Chromecast cannot start stream,Chromecast sessions terminate unexpectedly during stream startup.,High,Closed,Casting,Chromecast,Casting Device,DK,VOD,OTT Playback,CAST_FAIL,2026-06-04 15:38:00,INC0012,False,True
T000430,2026-05-16 10:26:00,Live TV timeout on Android TV,Set-top boxes lose the streaming connection shortly after playback starts.,,Resolved,Network,Android TV,Set-top Box,DK,Live TV,Network Operations,TIMEOUT,2026-05-16 17:58:00,INC0036,False,False
T000942,2026-01-24 19:03:00,Subtitle preference reset,Subtitle language preference resets after application restart.,Medium,Closed,Other,Android,Browser,DK,Other,Customer Support,,,,True,False
T000463,2026-06-25 14:16:00,Live TV fails on tvOS,Playback requests on tvOS are accepted but video never starts.,Critical,Resolved,Playback,tvOS,Apple TV,SE,Live TV,OTT Playback,PLAYER_START,2026-06-25 22:39:00,INC0024,False,False
T000310,2026-06-21 09:07:00,Live TV fails on tvOS,tvOS clients are unable to initialize playback for live content.,Low,Resolved,Playback,tvOS,Apple TV,SE,Live TV,OTT Playback,PLAYER_START,2026-06-21 19:11:00,INC0020,False,False
T000698,2026-04-22 08:50:00,EPG not updating,Customers cannot see programme titles for multiple live channels. Please investigate.,,Resolved,Metadata,All,All,NO,EPG,Content Platform,EPG_MISSING,2026-04-22 15:18:00,INC0039,False,False
T000061,2026-06-24 23:59:00,DRM error on Samsung devices,Playback is failing on Tizen devices. Users report a black screen and DRM errors.,Critical,Closed,DRM,Tizen,Smart TV,DK,Live TV,OTT Playback,DRM_403,2026-06-25 01:29:00,INC0037,False,False
T000885,2026-03-12 22:09:00,Subtitle preference reset,Subtitle language preference resets after application restart.,Medium,In Progress,Other,iOS,Mobile,SE,Other,Customer Support,,,,True,False
T000596,2026-05-24 21:08:00,Apple TV playback does not start,Live channels do not start on Apple TV. The player remains on a black screen. Please investigate.,High,Closed,Playback,tvOS,Apple TV,SE,Live TV,OTT Playback,PLAYER_START,2026-05-25 08:28:00,INC0030,False,False
T000768,2026-06-04 11:45:00,Chromecast cannot start stream,Casting begins but the session disconnects before video starts.,,Resolved,Casting,Chromecast,Casting Device,DK,VOD,OTT Playback,CAST_FAIL,2026-06-04 13:45:00,INC0012,False,False
T000650,2026-02-11 15:17:00,Player startup failure Apple TV,tvOS clients are unable to initialize playback for live content.,Medium,Resolved,Playback,tvOS,Apple TV,SE,Live TV,OTT Playback,PLAYER_START,2026-02-12 01:41:00,INC0022,False,False
T000651,2026-03-09 18:59:00,DRM error on Samsung devices,Several users cannot start playback on Samsung Smart TVs. DRM authorization returns error 403.,,Resolved,DRM,Tizen,Smart TV,DK,Live TV,OTT Playback,DRM_403,2026-03-09 22:46:00,INC0040,False,False
T000866,2026-05-12 08:33:00,Subtitle prefernce reset,Subtitle language preference resets after application restart.,Critical,Resolved,Other,Web,Mobile,NO,Other,Customer Support,,,,True,False
T000669,2026-02-05 17:05:00,Live TV fails on tvOS,Playback requests on tvOS are accepted but video never starts. Please investigate.,High,Closed,Playback,tvOS,Apple TV,SE,Live TV,OTT Playback,PLAYER_START,2026-02-05 21:13:00,INC0032,False,False
T000299,2026-02-05 16:54:00,Apple TV playback does not start,Live channels do not start on Apple TV. The player remains on a black screen.,Medium,Resolved,Playback,tvOS,Apple TV,SE,Live TV,OTT Playback,PLAYER_START,2026-02-06 03:47:00,INC0032,False,False
T000690,2026-03-09 18:26:00,Samsung plaback returns 403,Users on Samsung Smart TV are unable to play content. Error 403 is observed during DRM validation. Please investigate.,Critical,Open,DRM,Tizen,Smart TV,DK,Live TV,OTT Playback,DRM_403,,INC0040,False,False
T000315,2026-06-17 16:58:00,Player startup failure Apple TV,Customers report player startup failures on Apple TV devices.,Low,In Progress,Playback,tvOS,Apple TV,SE,Live TV,OTT Playback,PLAYER_START,,INC0028,False,False
T000311,2026-06-24 03:04:00,Android users cannot log in,The Android application does not complete login for multiple customers.,High,Resolved,Authentication,Android,Mobile,DK,Login,Identity,AUTH_401,2026-06-24 13:14:00,INC0003,False,False
T000362,2026-06-04 09:57:00,Chromecast playback fails,Casting begins but the session disconnects before video starts.,High,Resolved,Casting,Chromecast,Casting Device,DK,VOD,OTT Playback,CAST_FAIL,2026-06-04 14:18:00,INC0012,False,False
T000480,2026-05-24 20:30:00,Live TV fails on tvOS,Playback requests on tvOS are accepted but video never starts.,High,Resolved,Network,tvOS,Apple TV,SE,Live TV,OTT Playback,PLAYER_START,2026-05-25 04:30:00,INC0030,False,False
T000111,2026-06-01 15:31:00,401 when signing in on Android,Customers using the Android app are unable to sign in and receive HTTP 401.,Medium,In Progress,Authentication,Android,Mobile,DK,Login,Identity,AUTH_401,,INC0004,False,False
T000990,2026-02-09 14:42:00,Apple TV playback does not start,Playback requests on tvOS are accepted but video never starts.,High,Resolved,Playback,tvOS,Apple TV,SE,Live TV,OTT Playback,PLAYER_START,2026-02-10 01:02:00,INC0043,False,True
T000487,2026-05-24 20:48:00,Live TV fails on tvOS,Playback requests on tvOS are accepted but video never starts.,Medium,In Progress,Playback,tvOS,Apple TV,SE,Live TV,OTT Playback,PLAYER_START,,INC0030,False,False
T000364,2026-05-19 19:58:00,VOD playback buffering in Denmark,A high buffering ratio is observed across VOD sessions served by the primary CDN.,Low,Resolved,CDN,Web,Browser,DK,VOD,CDN Operations,CDN_BUFFERING,2026-05-20 02:57:00,INC0044,False,False
T000255,2026-02-05 18:26:00,Player startup failure Apple TV,Customers report player startup failures on Apple TV devices.,High,Resolved,Playback,tvOS,Apple TV,SE,Live TV,OTT Playback,PLAYER_START,2026-02-06 00:22:00,INC0032,False,False
T000260,2026-06-25 11:52:00,Player startup failure Apple TV,Live channels do not start on Apple TV. The player remains on a black screen.,High,Resolved,Playback,tvOS,Apple TV,SE,Live TV,OTT Playback,PLAYER_START,2026-06-25 12:55:00,INC0024,False,False
T000803,2026-06-24 14:16:00,High bufering on VOD,Video delivery is slow and startup time has increased for browser clients.,Medium,In Progress,CDN,Web,Browser,DK,VOD,CDN Operations,CDN_BUFFERING,,INC0034,False,False
T000678,2026-04-28 17:29:00,Playback fails on Samsung TV Please investigate.,Users on Samsung Smart TV are unable to play content. Error 403 is observed during DRM validation.,Critical,Open,DRM,Tizen,Smart TV,DK,Live TV,OTT Playback,DRM_403,,INC0013,False,False
T000495,2026-02-05 18:03:00,Live TV fails on tvOS,Playback requests on tvOS are accepted but video never starts.,Medium,Resolved,Playback,tvOS,Apple TV,SE,Live TV,OTT Playback,PLAYER_START,2026-02-06 03:12:00,INC0032,False,False
T000671,2026-02-09 14:25:00,Apple TV playback does not start,tvOS clients are unable to initialize playback for live content.,Medium,Resolved,Playback,tvOS,Apple TV,SE,Live TV,OTT Playback,PLAYER_START,2026-02-09 16:51:00,INC0043,False,False
T000378,2026-06-24 00:31:00,401 when signing in n Android,Customers using the Android app are unable to sign in and receive HTTP 401.,High,Resolved,Authentication,Android,Mobile,DK,Login,Identity,AUTH_401,2026-06-24 02:33:00,INC0003,False,False
T000527,2026-05-26 22:27:00,Live T fails on tvOS,tvOS clients are unable to initialize playback for live content.,High,Resolved,Playback,tvOS,Apple TV,SE,Live TV,OTT Playback,PLAYER_START,2026-05-26 23:01:00,INC0027,False,False
T000846,2026-04-13 08:15:00,Unable to cast VOD,The mobile app connects to Chromecast but playback fails to initialize.,Medium,In Progress,Casting,Chromecast,Casting Device,DK,VOD,OTT Playback,CAST_FAIL,,INC0026,False,False
T000138,2026-06-04 09:18:00,Unable to cast VOD,Chromecast sessions terminate unexpectedly during stream startup.,Medium,Resolved,Casting,Chromecast,Casting Device,DK,VOD,OTT Playback,CAST_FAIL,2026-06-04 11:16:00,INC0012,False,False
T000356,2026-01-07 23:35:00,401 when signing in on Android,Login attempts fail on Android mobile devices after entering valid credentials.,High,Open,Authentication,Android,Mobile,DK,Login,Identity,AUTH_401,,INC0001,False,False
T000366,2026-05-19 19:54:00,High buffering on VOD Please investigate.,VOD sessions show a significant increase in buffering for customers in Denmark.,Medium,Resolved,CDN,Web,Browser,DK,VOD,CDN Operations,CDN_BUFFERING,2026-05-19 23:18:00,INC0044,False,False
T000943,2026-06-04 22:04:00,Subtitle preference reset,Subtitle language preference resets after application restart.,Medium,In Progress,Other,Android,Smart TV,DK,Other,Customer Support,,,,True,False
T000750,2026-01-08 01:19:00,401 when signing in on Android,The Android application does not complete login for multiple customers.,Low,Resolved,Authentication,Android,Mobile,DK,Login,Identity,AUTH_401,2026-01-08 04:22:00,INC0001,False,False
T000949,2026-02-28 14:16:00,Remote control issue,One customer reports that the remote control is not responding.,Low,In Progress,Other,Web,Mobile,SE,Other,Customer Support,,,,True,False
T000830,2026-06-03 11:05:00,DRM error on Samsung devices,Users on Samsung Smart TV are unable to play content. Error 403 is observed during DRM validation.,Medium,Closed,DRM,Tizen,Smart TV,DK,Live TV,OTT Playback,DRM_403,2026-06-03 16:54:00,INC0045,False,False
T000657,2026-01-12 23:14:00,Android users cannot log in,Login attempts fail on Android mobile devices after entering valid credentials.,Medium,Open,Authentication,Android,Mobile,DK,Login,Identity,AUTH_401,,INC0016,False,False
T000200,2026-02-09 14:28:00,Apple TV playback does not start,Playback requests on tvOS are accepted but video never starts.,High,Resolved,Playback,tvOS,Apple TV,SE,Live TV,OTT Playback,PLAYER_START,2026-02-10 01:02:00,INC0043,False,False
T000214,2026-06-13 17:54:00,TV guide has empty slots,TV guide metadata appears stale or missing across supported devices.,Critical,In Progress,Metadata,All,All,NO,EPG,Content Platform,EPG_MISSING,,INC0042,False,False
T000409,2026-06-03 12:03:00,Black sceen when starting live TV,Playback is failing on Tizen devices. Users report a black screen and DRM errors.,Medium,Closed,DRM,Tizen,Smart TV,DK,Live TV,OTT Playback,DRM_403,2026-06-03 14:45:00,INC0045,False,False
T000333,2026-04-22 08:02:00,Missing programme information,Programme guide data is missing for several channels in Norway. Please investigate.,High,In Progress,Metadata,All,All,NO,EPG,Content Platform,EPG_MISSING,,INC0039,False,False
T000209,2026-06-24 23:14:00,DRM error on Samsung devices,Live TV does not start on Samsung televisions. The client reports DRM authorization failure.,High,In Progress,DRM,Tizen,Smart TV,DK,Live TV,OTT Playback,DRM_403,,INC0037,False,False
T000614,2026-01-21 20:44:00,Entitlement check failing,Valid subscribers receive an authorization denied response.,Critical,Resolved,Authorization,All,All,DK,Subscription,Entitlements,ENTITLEMENT_DENIED,2026-01-22 08:41:00,INC0014,False,False
T000079,2026-02-28 03:35:00,Playback fails on Samsung TV Please investigate.,Several customers cannot start playback on Samsung Smart TVs. DRM authorization returns error 403.,Critical,Resolved,DRM,Tizen,Smart TV,DK,Live TV,OTT Playback,DRM_403,2026-02-28 09:41:00,INC0025,False,False
T000030,2026-01-29 12:35:00,Black screen when starting live TV,Users on Samsung Smart TV are unable to play content. Error 403 is observed during DRM validation.,High,In Progress,DRM,Tizen,Smart TV,DK,Live TV,OTT Playback,DRM_403,,INC0046,False,False
T000536,2026-05-17 05:45:00,Authentication error on mobile,Authentication requests from Android are rejected with 401 responses.,Medium,Closed,Authentication,Android,Mobile,DK,Login,Identity,AUTH_401,2026-05-17 13:22:00,INC0049,False,False
T000696,2026-01-13 06:49:00,Android users cannot log in,Authentication requests from Android are rejected with 401 esponses.,High,Resolved,Authentication,Android,Mobile,DK,Login,Identity,AUTH_401,2026-01-13 14:39:00,INC0033,False,False
T000558,2026-01-25 14:21:00,Users see not subscribed message,Entitlement validaion incorrectly reports that users do not have a subscription.,Medium,Resolved,Authorization,All,All,DK,Subscription,Entitlements,ENTITLEMENT_DENIED,2026-01-25 17:01:00,INC0011,False,False
T000837,2026-05-19 18:33:00,High buffering on VOD,Video delivery is slow and startup time has increased for browser clients.,Medium,In Progress,CDN,Web,Browser,DK,VOD,CDN Operations,CDN_BUFFERING,,INC0044,False,False
T000597,2026-06-24 00:30:00,Authentication issue on mobile,Customers using the Android app are unable to sign in and receive HTTP 401.,High,Resolved,Authentication,Android,Mobile,DK,Login,Identity,AUTH_401,2026-06-24 05:04:00,INC0003,False,False
T000166,2026-01-25 13:46:00,Customers see not subscribed message,Valid subscribers receive an authorization denied response.,High,Open,Authorization,All,All,DK,Subscription,Entitlements,ENTITLEMENT_DENIED,,INC0011,False,False
T000919,2026-06-29 13:04:00,Search spelling result,Search gives an unexpected result for one misspelled title.,Critical,In Progress,Other,Web,Browser,DK,Other,Customer Support,,,,True,False
T000496,2026-01-24 10:08:00,Black screen when starting live TV Please investigate.,Users on Samsung Smart TV are unable to play content. Error 403 is observed during DRM validation.,Medium,In Progress,DRM,Tizen,Smart TV,DK,Live TV,OTT Playback,DRM_403,,INC0005,False,False
T000825,2026-06-04 12:04:00,Chromecast cannot start stream,Casting begins but the session disconnects before video starts.,Critical,In Progress,Casting,Chromecast,Casting Device,DK,VOD,OTT Playback,CAST_FAIL,,INC0012,False,False
T000066,2026-05-19 20:54:00,High buffering on VOD,Users experience repeated buffering while watching on-demand content. CDN latency is elevated.,Medium,Open,CDN,Web,Browser,DK,VOD,CDN Operations,CDN_BUFFERING,,INC0044,False,False
T000142,2026-05-24 08:53:00,Samsung playback returns 403,Users on Samsung Smart TV are unable to play content. Error 403 is observed during DRM validation.,Medium,Open,DRM,Tizen,Smart TV,DK,Live TV,OTT Playback,DRM_403,,INC0006,False,False
T000926,2026-03-19 17:38:00,Profile avatar not saved,A user cannot save a new profile avatar.,High,In Progress,Other,Tizen,Mobile,DK,Other,Customer Support,,,,True,False
T000828,2026-05-28 08:37:00,Unable to cast VOD,Chromecast sessions terminate unexpectedly during stream startup.,Medium,Closed,Casting,Chromecast,Casting Device,DK,VOD,OTT Playback,CAST_FAIL,2026-05-28 20:00:00,INC0015,False,False
T000656,2026-05-24 17:52:00,Black screen on Apple TV,tvOS clients are unable to initialize playback for live content.,High,Resolved,Playback,tvOS,Apple TV,SE,Live TV,OTT Playback,PLAYER_START,2026-05-24 18:25:00,INC0030,False,False
T000332,2026-04-28 17:07:00,Playback fails on Samsung TV,Several customers cannot start playback on Samsung Smart TVs. DRM authorization returns error 403.,Medium,Resolved,DRM,Tizen,Smart TV,DK,Live TV,OTT Playback,DRM_403,2026-04-29 04:04:00,INC0013,False,False
T000665,2026-03-29 09:55:00,Subscription authorization denied,Entitlement validation incorrectly reports that users do not have a subscription.,Medium,In Progress,Authorization,All,All,DK,Subscription,Entitlements,ENTITLEMENT_DENIED,,INC0009,False,False
T000250,2026-01-02 08:00:00,EPG data missing,Programme guide data is missing for several channels in Norway.,High,Resolved,Metadata,All,All,NO,EPG,Content Platform,EPG_MISSING,2026-01-02 08:26:00,INC0008,False,False
T000908,2026-02-28 21:45:00,Subtitle preference reset,Subtitle language preference resets after application restart.,Medium,Closed,Other,Android,Smart TV,SE,Other,Customer Support,,,,True,False
T000709,2026-02-26 15:29:00,Entitlement check failing,Entitlement validation incorrectly reports that users do not have a subscription.,Critical,Closed,Authorization,All,All,DK,Subscription,Entitlements,ENTITLEMENT_DENIED,2026-02-27 01:14:00,INC0007,False,False
T000306,2026-01-12 23:39:00,401 when signing in on Android,The Android application does not complete login for multiple customers.,Medium,Closed,Authentication,Android,Mobile,DK,Login,Identity,AUTH_401,2026-01-13 10:39:00,INC0016,False,False
T000735,2026-06-13 23:20:00,EPG not updating,The EPG contains empty schedule slots and has not refreshed correctly.,Medium,Closed,Network,All,All,NO,EPG,Content Platform,EPG_MISSING,2026-06-14 00:05:00,INC0023,False,False
T000976,2026-02-09 13:35:00,Apple TV playback does not start,Customers report player startup failures on Apple TV devices.,Low,In Progress,Playback,tvOS,Apple TV,SE,Live TV,OTT Playback,PLAYER_START,,INC0043,False,True
T000050,2026-02-26 17:51:00,Subscribed users cannot access content,Customers with an active subscription are denied access to entitled content.,Medium,Resolved,Authorization,All,All,DK,Subscription,Entitlements,ENTITLEMENT_DENIED,2026-02-27 04:59:00,INC0007,False,False
T000897,2026-05-26 08:13:00,Subtitle preference reset,Subtitle language preference resets after application restart.,Medium,Resolved,Other,Tizen,Mobile,NO,Other,Customer Support,,,,True,False
T000003,2026-06-25 01:34:00,Samsung playback returns 403,Users on Samsung Smart TV are unable to play content. Error 403 is observed during DRM validation.,Low,In Progress,Authentication,Tizen,Smart TV,DK,Live TV,OTT Playback,DRM_403,,INC0037,False,False
T000545,2026-06-24 00:21:00,Android users cannot log in,Authentication requests from Android are rejected with 401 responses.,Medium,Resolved,Authentication,Android,Mobile,DK,Login,Identity,AUTH_401,2026-06-24 04:17:00,INC0003,False,False
T000351,2026-06-17 17:50:00,Live TV fails on tvOS,Playback requests on tvOS are accepted but video never starts.,Medium,Resolved,Playback,tvOS,Apple TV,SE,Live TV,OTT Playback,PLAYER_START,2026-06-18 00:00:00,INC0028,False,False
T000905,2026-04-13 11:29:00,Search spelling result,Search gives an unexpected result for one misspelled title.,Medium,Closed,Other,Web,Smart TV,SE,Other,Customer Support,,,,True,False
T000537,2026-01-29 13:56:00,DRM error on Samsung clients,Users on Samsung Smart TV are unable to play content. Error 403 is observed during DRM validation.,Medium,In Progress,DRM,Tizen,Smart TV,DK,Live TV,OTT Playback,DRM_403,,INC0046,False,False
T000345,2026-06-05 23:27:00,Authentication error on mobile,Customers using the Android app are unable to sign in and receive HTTP 401.,High,Resolved,Authentication,Android,Mobile,DK,Login,Identity,AUTH_401,2026-06-06 07:18:00,INC0021,False,False
T000995,2026-02-28 03:20:00,Black screen when starting live TV,Playback is failing on Tizen devices. Users report a black screen and DRM errors.,Low,Resolved,DRM,Tizen,Smart TV,DK,Live TV,OTT Playback,DRM_403,2026-02-28 14:08:00,INC0025,False,True
T000482,2026-01-13 06:58:00,Login failing in Android app,The Android application does not complete login for multiple customers.,Medium,In Progress,DRM,Android,Mobile,DK,Login,Identity,AUTH_401,,INC0033,False,False
T000576,2026-06-25 11:21:00,Live TV fails on tvOS,Customers report player startup failures on Apple TV devices. Please investigate.,Medium,Closed,Playback,tvOS,Apple TV,SE,Live TV,OTT Playback,PLAYER_START,2026-06-25 17:27:00,INC0024,False,False
T000034,2026-01-23 01:34:00,Authentication error on mobile,Authentication requests from Android are rejected with 401 responses.,High,Resolved,DRM,Android,Mobile,DK,Login,Identity,AUTH_401,2026-01-23 06:37:00,INC0048,False,False
T000032,2026-06-24 14:26:00,Customers report repeated buffering,A high buffering ratio is observed across OD sessions served by the primary CDN.,Medium,In Progress,CDN,Web,Browser,DK,VOD,CDN Operations,CDN_BUFFERING,,INC0034,False,False
T000232,2026-02-28 03:34:00,Samsung playback returns 403,Users on Samsung Smart TV are unable to play content. Error 403 is observed during DRM validation. Please investigate.,Low,Open,DRM,Tizen,Smart TV,DK,Live TV,OTT Playback,DRM_403,,INC0025,False,False
T000964,2026-02-11 16:03:00,Apple TV playback does not start,Live channels do not start on Apple TV. The player remains on a black screen.,Medium,Closed,Playback,tvOS,Apple TV,SE,Live TV,OTT Playback,PLAYER_START,2026-02-12 00:27:00,INC0022,False,True
T000193,2026-06-25 13:53:00,Apple TV playback does not start,Playback requests on tvOS are accepted but video never starts.,Critical,Resolved,Playback,tvOS,Apple TV,SE,Live TV,OTT Playback,PLAYER_START,2026-06-26 01:31:00,INC0024,False,False
T000334,2026-06-21 10:08:00,Black screen on Apple TV,tvOS clients are unable to initialize playback for live content.,Medium,Open,Metadata,tvOS,Apple TV,SE,Live TV,OTT Playback,PLAYER_START,,INC0020,False,False
T000004,2026-02-26 15:40:00,Users see not subscribed message,Customers with an active subscription are denied access to entitled content.,Critical,In Progress,DRM,All,All,DK,Subscription,Entitlements,ENTITLEMENT_DENIED,,INC0007,False,False
T000205,2026-01-02 07:30:00,EPG data missing,Customers cannot see programme titles for multiple live channels.,High,In Progress,Metadata,All,All,NO,EPG,Content Platform,EPG_MISSING,,INC0008,False,False
T000515,2026-02-27 06:22:00,Live TV fails o tvOS,Customers report player startup failures on Apple TV devices.,Medium,Resolved,Playback,tvOS,Apple TV,SE,Live TV,OTT Playback,PLAYER_START,2026-02-27 09:04:00,INC0002,False,False
T000800,2026-04-28 18:00:00,Black screen when starting live TV,Several customers cannot start playback on Samsung Smart TVs. DRM authorization returns error 403.,Medium,Resolved,DRM,Tizen,Smart TV,DK,Live TV,OTT Playback,DRM_403,2026-04-28 19:52:00,INC0013,False,False
T000307,2026-02-09 12:28:00,Black screen on Apple TV,Customers report player startup failures on Apple TV devices.,Medium,Closed,Playback,tvOS,Apple TV,SE,Live TV,OTT Playback,PLAYER_START,2026-02-09 21:54:00,INC0043,False,False
T000110,2026-02-11 17:16:00,Player startup failure Apple TV,Live channels do not start on Apple TV. The player remains on a black screen.,High,Closed,Playback,tvOS,Apple TV,SE,Live TV,OTT Playback,PLAYER_START,2026-02-11 19:28:00,INC0022,False,False
T000431,2026-05-24 08:05:00,Playback fails on Samsung TV,Several customers cannot start playback on Samsung Smart TVs. DRM authorization returns error 403.,High,In Progress,DRM,Tizen,Smart TV,DK,Live TV,OTT Playback,DRM_403,,INC0006,False,False
T000078,2026-06-01 14:57:00,Authentication error on mobile,Customers using the Android app are unable to sign in and receive HTTP 401.,Medium,Closed,Authentication,Android,Mobile,DK,Login,Identity,AUTH_401,2026-06-01 17:02:00,INC0004,False,False
T000085,2026-02-26 17:39:00,Subscription authorization denied,Entitlement validation incorrectly reports that users do not have a subscription.,High,Closed,Authorization,All,All,DK,Subscription,Entitlements,ENTITLEMENT_DENIED,2026-02-27 02:47:00,INC0007,False,False
T000287,2026-06-13 17:52:00,EPG not updating,TV guide metadata appears stale or missing across supported devices. Please investigate.,High,Resolved,Metadata,All,All,NO,EPG,Content Platform,EPG_MISSING,2026-06-13 22:45:00,INC0042,False,False
T000083,2026-05-26 23:53:00,Black screen on Apple TV,tvOS clients are unable to initialize playback for live content.,High,Resolved,Playback,tvOS,Apple TV,SE,Live TV,OTT Playback,PLAYER_START,2026-05-27 11:45:00,INC0027,False,False
T000992,2026-04-09 16:31:00,401 when signing in on Android Please investigate.,Login attempts fail on Android mobile devices after entering valid credentials.,Medium,Closed,Authentication,Android,Mobile,DK,Login,Identity,AUTH_401,2026-04-10 02:54:00,INC0035,False,True
T000790,2026-01-12 22:25:00,Android users cannot log in,The Android application does not complete login for multiple customers.,Medium,Resolved,Authentication,Android,Mobile,DK,Login,Identity,AUTH_401,2026-01-13 09:06:00,INC0016,False,False
T000895,2026-05-11 12:10:00,Profile avatar not saved,A user can't save a new profile avatar.,Medium,Closed,Other,Tizen,Browser,DK,Other,Customer Support,,,,True,False
T000399,2026-06-24 00:32:00,Authentication error on mobile,Customers using the Android app are unable to sign in and receive HTTP 401.,Critical,Resolved,Authentication,Android,Mobile,DK,Login,Identity,AUTH_401,2026-06-24 12:26:00,INC0003,False,False
T000324,2026-02-06 11:18:00,Android TV loses connection,Set-top boxes lose the streaming connection shortly after playback starts.,Low,Closed,Network,Android TV,Set-top Box,DK,Live TV,Network Operations,TIMEOUT,2026-02-06 22:30:00,INC0029,False,False
T000520,2026-02-11 18:17:00,Black creen on Apple TV,Playback requests on tvOS are accepted but video never starts.,High,Closed,Playback,tvOS,Apple TV,SE,Live TV,OTT Playback,PLAYER_START,2026-02-12 04:19:00,INC0022,False,False
T000917,2026-02-27 10:55:00,Subtitle preference reset,Subtitle language preference resets after application restart.,Medium,In Progress,Other,Android,Smart TV,NO,Other,Customer Support,,,,True,False
T000923,2026-01-19 18:10:00,Search spelling result,Search gives an unexpected result for one misspelled title.,High,Open,Other,iOS,Mobile,DK,Other,Customer Support,,,,True,False
T000006,2026-05-16 11:24:00,Android TV loses connection,Set-top boxes lose the streaming connection shortly after playback starts.,Low,In Progress,Network,Android TV,Set-top Box,DK,Live TV,Network Operations,TIMEOUT,,INC0036,False,False
T000732,2026-04-08 11:55:00,401 when signing in on Android,Customers using the Android app are unable to sign in and receive HTTP 401.,Low,Resolved,Authentication,Android,Mobile,DK,Login,Identity,AUTH_401,2026-04-08 22:45:00,INC0018,False,False
T000466,2026-02-06 11:32:00,Live TV timeout on Android TV,Android TV set-top boxes report connection timeouts while starting live channels.,Medium,Closed,Network,Android TV,Set-top Box,DK,Live TV,Network Operations,TIMEOUT,2026-02-06 19:40:00,INC0029,False,False
T000098,2026-05-16 10:53:00,Stream timeout on set-top boxes,Set-top boxes lose the streaming connection shortly after playback starts.,,Closed,Network,Android TV,Set-top Box,DK,Live TV,Network Operations,TIMEOUT,2026-05-16 16:10:00,INC0036,False,False
T000267,2026-04-09 14:46:00,Login failing in Android app Please investigate.,The Android application does not complete login for multiple customers. Please investigate.,Medium,Open,Authentication,Android,Mobile,DK,Login,Identity,AUTH_401,,INC0035,False,False
T000358,2026-06-25 11:01:00,Player startup failure Apple TV,Customers report player startup failures on pple TV devices.,High,Resolved,Playback,tvOS,Apple TV,SE,Live TV,OTT Playback,PLAYER_START,2026-06-25 11:59:00,INC0024,False,False
T000869,2026-01-22 14:58:00,Profile avatar not saved,A user cannot save a new profile avatar. Please investigate.,Medium,Open,Other,Android,Browser,DK,Other,Customer Support,,,,True,False
T000799,2026-04-13 08:54:00,Chromecast playback fails,Users cannot start VOD playback through Chromecast.,High,Resolved,Casting,Chromecast,Casting Device,DK,VOD,OTT Playback,CAST_FAIL,2026-04-13 12:44:00,INC0026,False,False
T000381,2026-05-30 14:30:00,Subscribed users can't access content,Valid subscribers receive an authorization denied response.,Low,In Progress,Authorization,All,All,DK,Subscription,Entitlements,ENTITLEMENT_DENIED,,INC0031,False,False
T000632,2026-06-05 22:22:00,Android users cannot log in,The Android application does not complete login for multiple customers.,Critical,Resolved,Authentication,Android,Mobile,DK,Login,Identity,AUTH_401,2026-06-06 01:24:00,INC0021,False,False
T000382,2026-01-25 15:15:00,Subscribed users cannot access content,Valid subscribers receive an authorization denied response.,Medium,Resolved,Authorization,All,All,DK,Subscription,Entitlements,ENTITLEMENT_DENIED,2026-01-25 16:04:00,INC0011,False,False
T000491,2026-05-21 08:43:00,Android TV loses connection,Android TV set-top boxes report connection timeouts while starting live channels.,High,In Progress,Network,Android TV,Set-top Box,DK,Live TV,Network Operations,TIMEOUT,,INC0050,False,False
T000119,2026-03-03 03:12:00,TV guide has empty slots,The EPG contains empty schedule slots and has not refreshed correctly.,Medium,In Progress,Metadata,All,All,NO,EPG,Content Platform,EPG_MISSING,,INC0047,False,False
T000901,2026-01-23 23:15:00,Remote control issue,One customer reports that the remote control is not responding.,High,In Progress,Other,Android,Browser,SE,Other,Customer Support,,,,True,False
T000251,2026-02-06 09:45:00,Live TV timeout on Android TV,Timeout errors are increasing for Android TV live sessions.,Medium,Closed,Network,Android TV,Set-top Box,DK,Live TV,Network Operations,TIMEOUT,2026-02-06 16:49:00,INC0029,False,False
T000524,2026-02-09 14:59:00,Apple TV playback does not start,tvOS clients are unable to initialize playback for live content.,High,Resolved,Playback,tvOS,Apple TV,SE,Live TV,OTT Playback,PLAYER_START,2026-02-09 23:14:00,INC0043,False,False
T000010,2026-02-26 17:47:00,Subscription authorization denied,Valid subscribers receive an authorization denied response.,High,In Progress,Authorization,All,All,DK,Subscription,Entitlements,ENTITLEMENT_DENIED,,INC0007,False,False
T000197,2026-05-27 00:26:00,Black screen on Apple TV,tvOS clients are unable to initialize playback for live content. Please investigate.,Critical,Resolved,Metadata,tvOS,Apple TV,SE,Live TV,OTT Playback,PLAYER_START,2026-05-27 07:13:00,INC0027,False,False
T000604,2026-04-09 16:08:00,401 when signing in on Android,Login attempts fail on Android mobile devices after entering valid credentials. Please investigate.,Low,Resolved,Authentication,Android,Mobile,DK,Login,Identity,AUTH_401,2026-04-09 20:23:00,INC0035,False,False
T000082,2026-02-26 16:46:00,Subscribed users cannot access content,Content access is blocked even though the subscription is active.,Medium,Closed,Authorization,All,All,DK,Subscription,Entitlements,ENTITLEMENT_DENIED,2026-02-27 02:18:00,INC0007,False,False
T000784,2026-04-08 11:22:00,401 when signing in on Android,Authentication requests from Android are rejected with 401 responses.,High,Resolved,Authentication,Android,Mobile,DK,Login,Identity,AUTH_401,2026-04-08 21:16:00,INC0018,False,False
T000588,2026-05-16 11:37:00,Android TV loses connection,Timeout errors are increasing for Android TV live sessions.,Medium,Closed,Network,Android TV,Set-top Box,DK,Live TV,Network Operations,TIMEOUT,2026-05-16 16:15:00,INC0036,False,False
T000798,2026-01-21 18:09:00,Subscription authorization denied Please investigate.,Content access is blocked even though the subscription is acive.,Medium,In Progress,Authorization,All,All,DK,Subscription,Entitlements,ENTITLEMENT_DENIED,,INC0014,False,False
T000240,2026-02-26 14:43:00,Subscribed users cannot access content,Valid subscribers receive an authorization denied response.,Low,In Progress,Authorization,All,All,DK,Subscription,Entitlements,ENTITLEMENT_DENIED,,INC0007,False,False
T000291,2026-02-06 09:26:00,Stream timeout on set-top boxes,Live streaming fails intermittently due to upstream timeout errors.,High,Resolved,Network,Android TV,Set-top Box,DK,Live TV,Network Operations,TIMEOUT,2026-02-06 16:00:00,INC0029,False,False
T000212,2026-01-08 00:14:00,Authentication error on mobile,The Android application does not complete login for multiple customers.,Medium,Resolved,Authentication,Android,Mobile,DK,Login,Identity,AUTH_401,2026-01-08 04:52:00,INC0001,False,False
T000718,2026-01-25 14:11:00,Subscribed users cannot access content,Customers with an active subscription are denied acces to entitled content.,Critical,Resolved,Authorization,All,All,DK,Subscription,Entitlements,ENTITLEMENT_DENIED,2026-01-25 18:02:00,INC0011,False,False
T000360,2026-02-11 12:36:00,Cast session disconnects Please investigate.,Chromecast sessions terminate unexpectedly during stream startup.,,Open,Casting,Chromecast,Casting Device,DK,VOD,OTT Playback,CAST_FAIL,,INC0019,False,False
T000450,2026-02-09 13:50:00,Player startup failure Apple TV,Playback requests on tvOS are accepted but video never starts.,Medium,Resolved,Playback,tvOS,Apple TV,SE,Live TV,OTT Playback,PLAYER_START,2026-02-09 21:54:00,INC0043,False,False
T000228,2026-06-03 14:08:00,DRM issue on Samsung devices,Playback is failing on Tizen devices. Users report a black screen and DRM errors.,High,Resolved,DRM,Tizen,Smart TV,DK,Live TV,OTT Playback,DRM_403,2026-06-03 22:37:00,INC0045,False,False
T000951,2026-02-11 15:26:00,Player startup failure Apple TV,Playback requests on tvOS are accepted but video never starts.,Medium,Resolved,Playback,tvOS,Apple TV,SE,Live TV,OTT Playback,PLAYER_START,2026-02-11 18:50:00,INC0022,False,True
T000947,2026-05-09 15:08:00,Subtitle preference reset,Subtitle language preference resets after application restart.,Medium,Closed,Other,iOS,Mobile,DK,Other,Customer Support,,,,True,False
T000797,2026-06-14 02:23:00,TV guide has empty slots,Programme guide data is missing for several channels in Norway.,Medium,In Progress,Metadata,All,All,NO,EPG,Content Platform,EPG_MISSING,,INC0023,False,False
T000502,2026-01-12 23:23:00,401 when signing in on Android,Customers using the Android app are unable to sign in and receive HTTP 401.,High,Closed,Authentication,Android,Mobile,DK,Login,Identity,AUTH_401,2026-01-13 09:15:00,INC0016,False,False
T000465,2026-05-16 09:32:00,Android TV loses connection,Set-top boxes lose the streaming connection shortly after playback starts.,Medium,In Progress,Network,Android TV,Set-top Box,DK,Live TV,Network Operations,TIMEOUT,,INC0036,False,False
T000363,2026-01-25 12:47:00,Subscription authorization denied,Entitlement validation incorrectly reports that users do not have a subscription.,Critical,Resolved,Authorization,All,All,DK,Subscription,Entitlements,ENTITLEMENT_DENIED,2026-01-25 22:58:00,INC0011,False,False
T000469,2026-05-24 20:54:00,Player startup failure Apple TV,Live channels do not start on Apple TV. The player remains on a black screen.,Medium,Resolved,Playback,tvOS,Apple TV,SE,Live TV,OTT Playback,PLAYER_START,2026-05-25 06:02:00,INC0030,False,False
T000936,2026-01-21 13:45:00,Remote control issue,One customer reports that the remote control is not responding. Please investigate.,High,In Progress,Other,Tizen,Mobile,NO,Other,Customer Support,,,,True,False
T000429,2026-06-05 23:50:00,401 when signing in on Android,Login attempts fail on Android mobile devices after entering valid credentials.,High,Resolved,Authentication,Android,Mobile,DK,Login,Identity,AUTH_401,2026-06-06 01:15:00,INC0021,False,False
T000008,2026-01-29 13:16:00,DRM error on Samsung devices,Several customers cannot start playback on Samsung Smart TVs. DRM authorization returns error 403.,Medium,In Progress,Playback,Tizen,Smart TV,DK,Live TV,OTT Playback,DRM_403,,INC0046,False,False
T000156,2026-05-19 19:58:00,High buffering on VOD,VOD sessions show a significant increase in buffering for customers in Denmark.,High,Closed,CDN,Web,Browser,DK,VOD,CDN Operations,CDN_BUFFERING,2026-05-20 01:22:00,INC0044,False,False
T000542,2026-04-13 11:02:00,Unable to cast VOD Please investigate.,Chromecast sessions terminate unexpectedly during stream startup.,Medium,Open,Casting,Chromecast,Casting Device,DK,VOD,OTT Playback,CAST_FAIL,,INC0026,False,False
T000441,2026-06-24 15:29:00,Customers report repeated buffering,Video delivery is slow and startup time has increased for browser clients.,Medium,Closed,CDN,Web,Browser,DK,VOD,CDN Operations,CDN_BUFFERING,2026-06-24 23:33:00,INC0034,False,False
T000483,2026-02-27 08:27:00,Player startup failure Apple TV,tvOS clients are unable to initialize playback for live content.,Low,Resolved,Playback,tvOS,Apple TV,SE,Live TV,OTT Playback,PLAYER_START,2026-02-27 17:47:00,INC0002,False,False
T000423,2026-06-14 00:20:00,TV guide has empty slots,Programme guide data is missing for several channels in Norway.,Low,Open,Metadata,All,All,NO,EPG,Content Platform,EPG_MISSING,,INC0023,False,False
T000779,2026-06-24 17:27:00,Slow video delivery from CDN,Video delivery is slow and startup time has increased for browser clients.,Medium,Resolved,CDN,Web,Browser,DK,VOD,CDN Operations,CDN_BUFFERING,2026-06-24 21:40:00,INC0034,False,False
T000950,2026-03-31 14:58:00,Remote control issue,One customer reports that the remote control is not responding.,Medium,Closed,Other,Web,Mobile,SE,Other,Customer Support,,,,True,False
T000335,2026-01-24 09:28:00,Playback fails on Samsung TV,Live TV does not start on Samsung televisions. The client reports DRM authorization failure.,Medium,Closed,DRM,Tizen,Smart TV,DK,Live TV,OTT Playback,DRM_403,2026-01-24 17:05:00,INC0005,False,False
T000577,2026-06-13 18:49:00,EPG not updating,Customers can't see programme titles for multiple live channels.,Medium,Closed,Metadata,All,All,NO,EPG,Content Platform,EPG_MISSING,2026-06-13 19:45:00,INC0042,False,False
T000935,2026-04-15 07:15:00,Subtitle preference reset,Subtitle language preference resets after appliation restart.,High,Closed,Other,Tizen,Browser,DK,Other,Customer Support,,,,True,False
T000568,2026-06-05 23:31:00,Login failing in Android app,The Android application does not complete login for multiple customers.,Medium,Resolved,Authentication,Android,Mobile,DK,Login,Identity,AUTH_401,2026-06-06 07:15:00,INC0021,False,False
T000595,2026-05-24 18:03:00,Black screen on Apple TV,Users report player startup failures on Apple TV devices.,Medium,In Progress,Playback,tvOS,Apple TV,SE,Live TV,OTT Playback,PLAYER_START,,INC0030,False,False
T000531,2026-06-14 13:07:00,EPG data missing,Programme guide data is missing for several channels in Norway.,High,In Progress,Metadata,All,All,NO,EPG,Content Platform,EPG_MISSING,,INC0038,False,False
T000582,2026-06-17 16:28:00,Live TV fails on tvOS,tvOS clients are unable to initialize playback for live content.,Medium,In Progress,Playback,tvOS,Apple TV,SE,Live TV,OTT Playback,PLAYER_START,,INC0028,False,False
T000708,2026-06-05 20:35:00,Android users cannot log in,Authentication requests from Android are rejected with 401 responses.,Medium,In Progress,Authentication,Android,Mobile,DK,Login,Identity,AUTH_401,,INC0021,False,False
T000449,2026-05-21 07:23:00,Android TV loses connection,Set-top boxes lose the streaming connection shortly after playback starts.,Low,Open,Network,Android TV,Set-top Box,DK,Live TV,Network Operations,TIMEOUT,,INC0050,False,False
T000454,2026-01-29 12:35:00,Playback fails on Sasung TV,Playback is failing on Tizen devices. Users report a black screen and DRM errors.,High,Resolved,DRM,Tizen,Smart TV,DK,Live TV,OTT Playback,DRM_403,2026-01-29 21:22:00,INC0046,False,False
T000229,2026-03-09 16:55:00,DRM error on Samsung devices,Users on Samsung Smart TV are unable to play content. Error 403 is observed during DRM validation. Please investigate.,Medium,Closed,DRM,Tizen,Smart TV,DK,Live TV,OTT Playback,DRM_403,2026-03-10 04:55:00,INC0040,False,False
T000353,2026-02-11 13:01:00,Unable to cast VOD,The mobile app connects to Chromecast but playback fails to initialize.,Critical,Resolved,Casting,Chromecast,Casting Device,DK,VOD,OTT Playback,CAST_FAIL,2026-02-11 23:51:00,INC0019,False,False
T000729,2026-02-11 18:21:00,Black screen on Apple TV,Live channels do not start on Apple TV. The player remains on a black screen.,Low,In Progress,Playback,tvOS,Apple TV,SE,Live TV,OTT Playback,PLAYER_START,,INC0022,False,False
T000213,2026-06-14 10:33:00,Missing programme information,Programme guide data is missing for several channels in Norway.,Medium,Resolved,Metadata,All,All,NO,EPG,Content Platform,EPG_MISSING,2026-06-14 11:00:00,INC0038,False,False
T000080,2026-03-28 04:30:00,Live TV fails on tvOS,Playback requests on tvOS are accepted but video never starts.,High,Resolved,Playback,tvOS,Apple TV,SE,Live TV,OTT Playback,PLAYER_START,2026-03-28 06:13:00,INC0010,False,False
T000149,2026-05-27 01:12:00,Player startup failure Apple TV,Playback requests on tvOS are accepted but video never starts.,Critical,In Progress,Playback,tvOS,Apple TV,SE,Live TV,OTT Playback,PLAYER_START,,INC0027,False,False
T000303,2026-02-09 12:05:00,Live TV fails on tvOS,Live channels do not start on Apple TV. The player remains on a black screen.,High,Closed,Playback,tvOS,Apple TV,SE,Live TV,OTT Playback,PLAYER_START,2026-02-09 13:09:00,INC0043,False,False
T000629,2026-05-21 07:12:00,Stream timeout on set-top boxes,Timeout errors are increasing for Android TV live sessions.,Low,Resolved,Network,Android TV,Set-top Box,DK,Live TV,Network Operations,TIMEOUT,2026-05-21 16:56:00,INC0050,False,False
T000778,2026-05-28 08:04:00,Cast session disconnects,Casting begins but the session disconnects before video starts.,High,In Progress,Casting,Chromecast,Casting Device,DK,VOD,OTT Playback,CAST_FAIL,,INC0015,False,False
T000507,2026-03-28 06:50:00,Live TV fails on tvOS,Playback requests on tvOS are accepted but video never starts. Please investigate.,Medium,Resolved,Playback,tvOS,Apple TV,SE,Live TV,OTT Playback,PLAYER_START,2026-03-28 09:23:00,INC0010,False,False
T000343,2026-06-24 14:57:00,High buffering on VOD,Users experience repeated buffering while watching on-demand content. CDN latency is elevated.,Low,In Progress,CDN,Web,Browser,DK,VOD,CDN Operations,CDN_BUFFERING,,INC0034,False,False
T000486,2026-05-27 00:14:00,Live TV fails on tvOS,tvOS clients are unable to initialize playback for live content.,,Closed,Playback,tvOS,Apple TV,SE,Live TV,OTT Playback,PLAYER_START,2026-05-27 01:59:00,INC0027,False,False
T000712,2026-02-26 18:35:00,Subscribed users cannot access content,Content access is blocked even though the subscription is active.,Medium,Resolved,Authorization,All,All,DK,Subscription,Entitlements,ENTITLEMENT_DENIED,2026-02-27 03:48:00,INC0007,False,False
T000134,2026-06-06 00:04:00,401 when signing in on Android,Authentication requests from Android are rejected with 401 responses.,Medium,Resolved,Authentication,Android,Mobile,DK,Login,Identity,AUTH_401,2026-06-06 03:52:00,INC0021,False,False
T000704,2026-06-17 15:31:00,Live TV fails on tvOS,Playback requests on tvOS are accepted but video never starts.,Medium,Closed,Playback,tvOS,Apple TV,SE,Live TV,OTT Playback,PLAYER_START,2026-06-17 18:41:00,INC0028,False,False
T000312,2026-01-08 01:59:00,Authentication error on mobile,Authentication requests from Android are rejected with 401 responses. Please investigate.,Medium,Resolved,Authentication,Android,Mobile,DK,Login,Identity,AUTH_401,2026-01-08 13:06:00,INC0001,False,False
T000723,2026-05-27 00:43:00,Live TV fails on tvOS,Customers report player startup failures on Apple TV devices.,Low,Resolved,Playback,tvOS,Apple TV,SE,Live TV,OTT Playback,PLAYER_START,2026-05-27 05:48:00,INC0027,False,False
T000630,2026-05-28 08:54:00,Cast session disconnects,Customers cannot start VOD playback through Chromecast. Please investigate.,Medium,In Progress,Casting,Chromecast,Casting Device,DK,VOD,OTT Playback,CAST_FAIL,,INC0015,False,False
T000001,2026-06-24 17:21:00,VOD playback buffering in Denmark,Video delivery is slow and startup time has increased for browser clients.,Medium,Resolved,CDN,Web,Browser,DK,VOD,CDN Operations,CDN_BUFFERING,2026-06-25 04:02:00,INC0034,False,False
T000317,2026-02-27 06:11:00,Live TV is failing on tvOS,tvOS clients are unable to initialize playback for live content.,Medium,Resolved,Playback,tvOS,Apple TV,SE,Live TV,OTT Playback,PLAYER_START,2026-02-27 10:05:00,INC0002,False,False
T000707,2026-02-11 14:36:00,Black screen on Apple TV,tvOS clients are unable to initialize playback for live content.,Medium,Resolved,Playback,tvOS,Apple TV,SE,Live TV,OTT Playback,PLAYER_START,2026-02-12 00:33:00,INC0022,False,False
T000548,2026-02-05 18:13:00,Player startup failure Apple TV,Live channels do not start on Apple TV. The player remains on a black screen.,Medium,Resolved,Playback,tvOS,Apple TV,SE,Live TV,OTT Playback,PLAYER_START,2026-02-06 05:00:00,INC0032,False,False
T000873,2026-01-16 14:11:00,Search selling result,Search gives an unexpected result for one misspelled title.,Medium,Open,Other,Android,Browser,SE,Other,Customer Support,,,,True,False
T000533,2026-04-09 12:51:00,Login failing in Android app,The Android application does not comlete login for multiple customers. Please investigate.,High,Closed,Authentication,Android,Mobile,DK,Login,Identity,AUTH_401,2026-04-10 00:31:00,INC0035,False,False
T000478,2026-06-25 12:11:00,Black screen on Apple TV,Live channels do not start on Apple TV. The player remains on a black screen.,,Resolved,Playback,tvOS,Apple TV,SE,Live TV,OTT Playback,PLAYER_START,2026-06-25 18:54:00,INC0024,False,False
T000405,2026-04-22 08:39:00,EPG not updating,Programme guide data is missing for several channels in Norway. Please investigate.,High,Resolved,Metadata,All,All,NO,EPG,Content Platform,EPG_MISSING,2026-04-22 15:09:00,INC0039,False,False
T000173,2026-01-13 06:25:00,401 when signing in on Android,Customers using the Android app are unable to sign in and receive HTTP 401.,Medium,Resolved,Authentication,Android,Mobile,DK,Login,Identity,AUTH_401,2026-01-13 13:50:00,INC0033,False,False
T000126,2026-06-04 11:08:00,Unable to cast VOD,Chromecast sessions terminate unexpectedly during stream startup.,Medium,Resolved,Casting,Chromecast,Casting Device,DK,VOD,OTT Playback,CAST_FAIL,2026-06-04 18:10:00,INC0012,False,False
T000395,2026-05-24 18:33:00,Player startup failure Apple TV,Customers report player statup failures on Apple TV devices.,High,In Progress,Playback,tvOS,Apple TV,SE,Live TV,OTT Playback,PLAYER_START,,INC0030,False,False
T000421,2026-03-29 09:28:00,Subscribed users cannot access content,Content access is blocked even though the subscription is active.,Medium,Resolved,Authorization,All,All,DK,Subscription,Entitlements,ENTITLEMENT_DENIED,2026-03-29 16:26:00,INC0009,False,False
T000553,2026-01-08 00:36:00,Login failing in Android app,Authentication requests from Android are rejected with 401 responses.,High,Resolved,Authentication,Android,Mobile,DK,Login,Identity,AUTH_401,2026-01-08 01:59:00,INC0001,False,False
T000904,2026-03-15 11:05:00,Remote control issue,One customer reports that the remote control is not responding.,Medium,Resolved,Other,iOS,Mobile,DK,Other,Customer Support,,,,True,False
T000091,2026-05-30 15:04:00,Subscribed users cannot access content Please investigate.,Entitlement validation incorrectly reports that users do not have a subscription.,Medium,Closed,Authorization,All,All,DK,Subscription,Entitlements,ENTITLEMENT_DENIED,2026-05-30 18:30:00,INC0031,False,False
T000940,2026-02-13 07:54:00,Subtitle preference reset,Subtitle language preference resets after application restart.,High,Open,Other,Android,Browser,NO,Other,Customer Support,,,,True,False
T000182,2026-04-13 08:23:00,Chromecast cannot start stream,The mobile app connects to Chromecast but playback fails to initialize.,Medium,Resolved,Casting,Chromecast,Casting Device,DK,VOD,OTT Playback,CAST_FAIL,2026-04-13 18:49:00,INC0026,False,False
T000275,2026-04-08 09:26:00,401 when signing in on Android,The Android application does not complete login for multiple customers.,Medium,Closed,Authentication,Android,Mobile,DK,Login,Identity,AUTH_401,2026-04-08 20:06:00,INC0018,False,False
T000896,2026-01-11 12:51:00,Remote control issue,One customer reports that the remote control is not responding.,Medium,Resolved,Other,iOS,Mobile,DK,Other,Customer Support,,,,True,False
T000070,2026-01-25 15:07:00,Subscribed users cannot access content,Content access is blocked even though the subscription is active.,High,Open,Authorization,All,All,DK,Subscription,Entitlements,ENTITLEMENT_DENIED,,INC0011,False,False
T000292,2026-05-21 07:06:00,Live TV timeout on Android TV,Timeout errors are increasing for Android TV live sessions.,Medium,Resolved,Network,Android TV,Set-top Box,DK,Live TV,Network Operations,TIMEOUT,2026-05-21 12:25:00,INC0050,False,False
T000132,2026-01-24 07:02:00,DRM error on Samsung devices,Several customers cannot start playback on Samsung Smart TVs. DRM authorization returns error 403.,Medium,Resolved,DRM,Tizen,Smart TV,DK,Live TV,OTT Playback,DRM_403,2026-01-24 17:23:00,INC0005,False,False
T000301,2026-05-24 18:26:00,Live TV fails on tvOS,Customers report player startup failures on Apple TV devices.,High,Closed,Playback,tvOS,Apple TV,SE,Live TV,OTT Playback,PLAYER_START,2026-05-25 04:59:00,INC0030,False,False
T000425,2026-02-05 18:39:00,Player startup failure Apple TV,Live channels do not start on Apple TV. The player remains on a black screen.,High,Resolved,Authorization,tvOS,Apple TV,SE,Live TV,OTT Playback,PLAYER_START,2026-02-06 06:22:00,INC0032,False,False
T000327,2026-03-03 02:35:00,EPG data missing,Programme guide data is missing for several channels in Norway.,Low,Resolved,Metadata,All,All,NO,EPG,Content Platform,EPG_MISSING,2026-03-03 09:38:00,INC0047,False,False
T000145,2026-02-11 13:07:00,Unable to cast VOD,Casting begins but the session disconnects before video starts. Please investigate.,Medium,Resolved,Casting,Chromecast,Casting Device,DK,VOD,OTT Playback,CAST_FAIL,2026-02-11 20:04:00,INC0019,False,False
T000424,2026-06-17 17:50:00,Player startup failure Apple TV,Playback requests on tvOS are accepted but video never starts.,High,Closed,Playback,tvOS,Apple TV,SE,Live TV,OTT Playback,PLAYER_START,2026-06-18 02:57:00,INC0028,False,False
T000581,2026-02-27 05:19:00,Apple TV playback does not start,Customers report player startup failures on Apple TV devices. Please investigate.,Medium,Resolved,Playback,tvOS,Apple TV,SE,Live TV,OTT Playback,PLAYER_START,2026-02-27 08:18:00,INC0002,False,False
T000136,2026-04-09 15:22:00,Android users cannot log in,The Android application does not complete login for multiple customers.,Medium,Resolved,Network,Android,Mobile,DK,Login,Identity,AUTH_401,2026-04-09 16:42:00,INC0035,False,False
T000451,2026-06-13 17:50:00,EPG data missing,Customers cannot see programme titles for multiple live channels.,Medium,Resolved,Metadata,All,All,NO,EPG,Content Platform,EPG_MISSING,2026-06-13 23:40:00,INC0042,False,False
T000165,2026-01-21 19:24:00,Subscription authorization denied,Valid subscribers receive an authorization denied response. Please investigate.,,Resolved,Authorization,All,All,DK,Subscription,Entitlements,ENTITLEMENT_DENIED,2026-01-22 00:18:00,INC0014,False,False
T000029,2026-01-02 09:07:00,Missing programme information Please investigate.,Customers cannot see programme titles for multiple live channels.,High,Resolved,Metadata,All,All,NO,EPG,Content Platform,EPG_MISSING,2026-01-02 19:06:00,INC0008,False,False
T000774,2026-02-11 17:08:00,Black screen on Apple TV,Playback requests on tvOS are accepted but video never starts.,High,Resolved,Playback,tvOS,Apple TV,SE,Live TV,OTT Playback,PLAYER_START,2026-02-11 18:43:00,INC0022,False,False
T000194,2026-03-09 20:09:00,DRM error on Samsung devices,Playback is failing on Tizen devices. Users report a black screen and DRM errors.,Critical,In Progress,DRM,Tizen,Smart TV,DK,Live TV,OTT Playback,DRM_403,,INC0040,False,False
T000389,2026-06-03 11:56:00,Samsung playback returns 403,Playback is failing on Tizen devices. Users report a black screen and DRM errors.,Low,Open,DRM,Tizen,Smart TV,DK,Live TV,OTT Playback,DRM_403,,INC0045,False,False
T000853,2026-01-27 21:14:00,Subtitle preference reset,Subtitle language preference resets after application restart.,High,Open,Other,Web,Smart TV,SE,Other,Customer Support,,,,True,False
T000170,2026-01-02 08:14:00,EPG not updating,The EPG contains empty schedule slots and has not refreshed correctly.,High,Resolved,Metadata,All,All,NO,EPG,Content Platform,EPG_MISSING,2026-01-02 15:07:00,INC0008,False,False
T000706,2026-06-14 14:01:00,EPG data missing,TV guide metadata appears stale or missing across supported devices.,Low,Open,Metadata,All,All,NO,EPG,Content Platform,EPG_MISSING,,INC0038,False,False
T000141,2026-06-05 20:14:00,401 when signing in on Android,The Android application does not complete login for multiple customers.,High,Resolved,Authentication,Android,Mobile,DK,Login,Identity,AUTH_401,2026-06-06 00:06:00,INC0021,False,False
T000174,2026-05-17 07:41:00,Android users cannot log in,Customers using the Android app are unable to sign in and receive HTTP 401.,Medium,Resolved,CDN,Android,Mobile,DK,Login,Identity,AUTH_401,2026-05-17 19:06:00,INC0049,False,False
T000007,2026-06-04 09:08:00,Unable to cast VOD,Customers cannot start VOD playback through Chromecast.,Critical,Open,Casting,Chromecast,Casting Device,DK,VOD,OTT Playback,CAST_FAIL,,INC0012,False,False
T000746,2026-02-26 15:24:00,Customers see not subscribed message,Content access is blocked even though the subscription is active.,Medium,Resolved,Authorization,All,All,DK,Subscription,Entitlements,ENTITLEMENT_DENIED,2026-02-26 21:50:00,INC0007,False,False
T000479,2026-05-16 10:04:00,Playback timeout on STB,Set-top boxes lose the streaming connection shortly after playback starts.,High,Closed,Network,Android TV,Set-top Box,DK,Live TV,Network Operations,TIMEOUT,2026-05-16 11:33:00,INC0036,False,False
T000074,2026-01-23 00:57:00,Login failing in Android app,Authentication requests from Android are rejected with 401 responses.,Medium,Resolved,Authentication,Android,Mobile,DK,Login,Identity,AUTH_401,2026-01-23 05:03:00,INC0048,False,False
T000911,2026-04-19 11:42:00,Remote control issue,One customer reports that the remote control is not responding.,High,Closed,Other,Web,Smart TV,SE,Other,Customer Support,,,,True,False
T000814,2026-01-07 23:36:00,Authentication issue on mobile,Customers using the Android app are unable to sign in and receive HTTP 401.,Critical,Resolved,Authentication,Android,Mobile,DK,Login,Identity,AUTH_401,2026-01-08 04:13:00,INC0001,False,False
T000239,2026-06-04 10:59:00,Cast session disconnects,Chromecast sessions terminate unexpectedly during stream startup.,,Resolved,Casting,Chromecast,Casting Device,DK,VOD,OTT Playback,CAST_FAIL,2026-06-04 20:34:00,INC0012,False,False
T000146,2026-01-24 07:46:00,Samsung playback returns 403,Live TV does not start on Samsung televisions. The client reports DRM authorization failure.,Medium,Closed,DRM,Tizen,Smart TV,DK,Live TV,OTT Playback,DRM_403,2026-01-24 12:23:00,INC0005,False,False
T000793,2026-04-22 08:40:00,EPG not updating,Programme guide data is missing for several channels in Norway. Please investigate.,Low,In Progress,Metadata,All,All,NO,EPG,Content Platform,EPG_MISSING,,INC0039,False,False
T000235,2026-06-24 03:46:00,401 when signing in on Android,The Android application does not complete login for multiple customers.,Medium,Resolved,Authentication,Android,Mobile,DK,Login,Identity,AUTH_401,2026-06-24 06:54:00,INC0003,False,False
T000221,2026-05-19 17:32:00,Customers report repeated buffering,A high buffering ratio is observed across VOD sessions served by the primary CDN.,High,Closed,CDN,Web,Browser,DK,VOD,CDN Operations,CDN_BUFFERING,2026-05-19 23:42:00,INC0044,False,False
T000924,2026-06-21 23:59:00,Subtitle preference reset,Subtitle language preference resets after application restart.,Medium,Closed,Other,Android,Browser,NO,Other,Customer Support,,,,True,False
T000501,2026-06-21 11:13:00,Player startup failure Apple TV,Customers report player startup failures on Apple TV devices.,High,Resolved,Playback,tvOS,Apple TV,SE,Live TV,OTT Playback,PLAYER_START,2026-06-21 18:59:00,INC0020,False,False
T000133,2026-04-22 08:29:00,TV guide has empty slots,Customers can't see programme titles for multiple live channels.,Critical,Resolved,Metadata,All,All,NO,EPG,Content Platform,EPG_MISSING,2026-04-22 12:18:00,INC0039,False,False
T000991,2026-03-09 17:41:00,DRM error on Samsung devices,Playback is failing on Tizen devices. Users report a black screen and DRM errors.,Low,Closed,DRM,Tizen,Smart TV,DK,Live TV,OTT Playback,DRM_403,2026-03-09 21:07:00,INC0040,False,True
T000775,2026-02-11 11:28:00,Cast session disconnects,The mobile app connects to Chromecast but playback fails to initialize.,High,Closed,Casting,Chromecast,Casting Device,DK,VOD,OTT Playback,CAST_FAIL,2026-02-11 15:34:00,INC0019,False,False
T000186,2026-01-24 06:19:00,Samsung playback returns 403,Live TV does not start on Samsung televisions. The client reports DRM authoriztion failure.,Medium,In Progress,DRM,Tizen,Smart TV,DK,Live TV,OTT Playback,DRM_403,,INC0005,False,False
T000042,2026-05-17 06:28:00,Authentication error on mobile,Customers using the Android app are unable to sign in and receive HTTP 401.,Medium,Resolved,Authentication,Android,Mobile,DK,Login,Identity,AUTH_401,2026-05-17 07:25:00,INC0049,False,False
T000697,2026-06-13 23:02:00,EPG data missing,Customers cannot see programme titles for multiple live channels. Please investigate.,,Resolved,Metadata,All,All,NO,EPG,Content Platform,EPG_MISSING,2026-06-14 00:41:00,INC0023,False,False
T000109,2026-03-29 09:32:00,Customers see not subscribed message,Valid subscribers receive an authorization denied response.,,Resolved,Authorization,All,All,DK,Subscription,Entitlements,ENTITLEMENT_DENIED,2026-03-29 20:19:00,INC0009,False,False
T000589,2026-03-29 09:23:00,Subscribed users cannot access content,Content access is blocked even though the subscription is active.,High,Closed,Network,All,All,DK,Subscription,Entitlements,ENTITLEMENT_DENIED,2026-03-29 10:29:00,INC0009,False,False
T000057,2026-05-24 18:50:00,Player startup failure Apple TV,Live channels do not start on Apple TV. The player remains on a black screen.,Medium,Resolved,Playback,tvOS,Apple TV,SE,Live TV,OTT Playback,PLAYER_START,2026-05-25 06:38:00,INC0030,False,False
T000406,2026-05-24 21:00:00,Apple TV streaming does not start,Live channels do not start on Apple TV. The player remains on a black screen. Please investigate.,High,Resolved,Playback,tvOS,Apple TV,SE,Live TV,OTT Playback,PLAYER_START,2026-05-24 23:38:00,INC0030,False,False
T000443,2026-03-29 11:52:00,Customers see not subscribed message,Valid subscribers receive n authorization denied response.,Medium,Closed,Authorization,All,All,DK,Subscription,Entitlements,ENTITLEMENT_DENIED,2026-03-29 17:43:00,INC0009,False,False
T000758,2026-02-26 15:09:00,Customers see not subscribed message,Entitlement validation incorrectly reports that users do not have a subscription.,High,Resolved,Authorization,All,All,DK,Subscription,Entitlements,ENTITLEMENT_DENIED,2026-02-26 17:57:00,INC0007,False,False
T000998,2026-06-25 00:10:00,Playback fails on Samsung TV,Several customers cannot start playback on Samsung Smart TVs. DRM authorization returns issue 403.,Medium,Closed,DRM,Tizen,Smart TV,DK,Live TV,OTT Playback,DRM_403,2026-06-25 07:43:00,INC0037,False,True
T000025,2026-03-03 01:57:00,EPG data missing,Programme guide data is missing for several channels in Norway.,Medium,Closed,Authorization,All,All,NO,EPG,Content Platform,EPG_MISSING,2026-03-03 10:15:00,INC0047,False,False
T000468,2026-05-30 13:50:00,Subscribed users cannot access content,Entitlement validation incorrectly reports that users do not have a subscription.,Medium,Resolved,Authorization,All,All,DK,Subscription,Entitlements,ENTITLEMENT_DENIED,2026-05-30 19:03:00,INC0031,False,False
T000540,2026-05-19 17:35:00,VOD playback buffering in Denmark,A high buffering ratio is observed across VOD sessions served by the primary CDN.,Medium,In Progress,CDN,Web,Browser,DK,VOD,CDN Operations,CDN_BUFFERING,,INC0044,False,False
T000532,2026-03-03 03:48:00,Missing programme information,TV guide metadata appears stale or missing across supported devices. Please investigate.,Medium,Resolved,Metadata,All,All,NO,EPG,Content Platform,EPG_MISSING,2026-03-03 11:42:00,INC0047,False,False
T000619,2026-05-24 20:07:00,Black screen on Apple TV,Live channels do not start on Apple TV. The player remains on a black screen.,Medium,Resolved,Playback,tvOS,Apple TV,SE,Live TV,OTT Playback,PLAYER_START,2026-05-24 22:02:00,INC0030,False,False
T000695,2026-05-16 09:55:00,Android TV loses connection,Live playback fails intermittently due to upstream timeout errors.,High,Resolved,Authentication,Android TV,Set-top Box,DK,Live TV,Network Operations,TIMEOUT,2026-05-16 11:20:00,INC0036,False,False
T000927,2026-03-29 17:33:00,Volume mismatch,Volume level changes between two specific channels.,Medium,Resolved,Other,Android,Smart TV,DK,Other,Customer Support,,,,True,False
T000339,2026-06-04 09:40:00,Chromecast cannot start stream,Chromecast sessions terminate unexpectedly during stream startup.,High,Closed,Casting,Chromecast,Casting Device,DK,VOD,OTT Playback,CAST_FAIL,2026-06-04 15:38:00,INC0012,False,False
T000052,2026-01-25 12:12:00,Subscription authorization denied,Valid subscribers receive an authorization denied response.,Medium,Closed,Authorization,All,All,DK,Subscription,Entitlements,ENTITLEMENT_DENIED,2026-01-25 20:04:00,INC0011,False,False
T000508,2026-03-28 04:28:00,Player startup failure Apple TV,Playback requests on tvOS are accepted but video never starts.,Medium,Open,Playback,tvOS,Apple TV,SE,Live TV,OTT Playback,PLAYER_START,,INC0010,False,False
T000517,2026-06-25 01:02:00,Playback fails on Samsung TV Please investigate.,Users on Samsung Smart TV are unable to play content. rror 403 is observed during DRM validation.,High,Closed,DRM,Tizen,Smart TV,DK,Live TV,OTT Playback,DRM_403,2026-06-25 12:16:00,INC0037,False,False
T000921,2026-03-18 04:47:00,Subtite preference reset,Subtitle language preference resets after application restart.,Low,In Progress,Other,iOS,Browser,SE,Other,Customer Support,,,,True,False
T000782,2026-01-02 07:37:00,EPG data missing,Programme guide data is missing for several channels in Norway.,High,Resolved,Metadata,All,All,NO,EPG,Content Platform,EPG_MISSING,2026-01-02 09:22:00,INC0008,False,False
T000265,2026-05-30 16:05:00,Customers see not subscribed message,Entitlement validation incorrectly reports that users do not have a subscription.,Critical,In Progress,Authorization,All,All,DK,Subscription,Entitlements,ENTITLEMENT_DENIED,,INC0031,False,False
T000818,2026-02-11 12:19:00,Cast session disconnects,Chromecast sessions terminate unexpectedly during stream startup.,High,In Progress,Casting,Chromecast,Casting Device,DK,VOD,OTT Playback,CAST_FAIL,,INC0019,False,False
T000711,2026-01-02 07:14:00,TV guide has empty slots,Customers cannot see programme titles for multiple live channels.,High,Resolved,Casting,All,All,NO,EPG,Content Platform,EPG_MISSING,2026-01-02 08:54:00,INC0008,False,False
T000683,2026-06-13 22:53:00,EPG data missing,Programme guide data is missing for several channels in Norway.,Medium,Resolved,Metadata,All,All,NO,EPG,Content Platform,EPG_MISSING,2026-06-14 06:19:00,INC0023,False,False
T000833,2026-02-06 09:27:00,Android TV loses connection,Timeout errors are increasing for Android TV live sessions.,Critical,Resolved,Network,Android TV,Set-top Box,DK,Live TV,Network Operations,TIMEOUT,2026-02-06 18:58:00,INC0029,False,False
T000519,2026-01-21 18:37:00,Customers see not subscribed message,Content access is blocked even though the subscription is active.,High,Closed,Authorization,All,All,DK,Subscription,Entitlements,ENTITLEMENT_DENIED,2026-01-22 02:19:00,INC0014,False,False
T000448,2026-03-28 03:36:00,Player startup failure Apple TV,tvOS clients are unable to initialize playback for live content.,Medium,Open,Playback,tvOS,Apple TV,SE,Live TV,OTT Playback,PLAYER_START,,INC0010,False,False
T000019,2026-03-09 18:13:00,DRM error on Samsung devices,Several customers cannot start streaming on Samsung Smart TVs. DRM authorization returns error 403.,High,Closed,DRM,Tizen,Smart TV,DK,Live TV,OTT Playback,DRM_403,2026-03-09 20:08:00,INC0040,False,False
T000716,2026-01-02 07:12:00,EPG not updating,The EPG contains empty schedule slots and has not refreshed correctly.,Low,Resolved,Metadata,All,All,NO,EPG,Content Platform,EPG_MISSING,2026-01-02 14:19:00,INC0008,False,False
T000484,2026-06-04 08:57:00,Chromecast streaming fails,Users cannot start VOD playback through Chromecast.,High,In Progress,Casting,Chromecast,Casting Device,DK,VOD,OTT Playback,CAST_FAIL,,INC0012,False,False
T000569,2026-04-08 08:31:00,Login failing in Android app,Login attempts fail on Android mobile devices after entering valid credentials.,Low,Resolved,Authentication,Android,Mobile,DK,Login,Identity,AUTH_401,2026-04-08 10:31:00,INC0018,False,False
T000434,2026-03-28 04:37:00,Player startup failure Appe TV,Live channels do not start on Apple TV. The player remains on a black screen.,Medium,Resolved,Playback,tvOS,Apple TV,SE,Live TV,OTT Playback,PLAYER_START,2026-03-28 13:03:00,INC0010,False,False
T000368,2026-01-02 08:42:00,EPG not updating,Customers cannot see programme titles for multiple live channels.,Medium,In Progress,Metadata,All,All,NO,EPG,Content Platform,EPG_MISSING,,INC0008,False,False
T000084,2026-06-25 00:59:00,Samsung playback returns 403,Playback is failing on Tizen devices. Users report a black screen and DRM errors.,High,Resolved,DRM,Tizen,Smart TV,DK,Live TV,OTT Playback,DRM_403,2026-06-25 09:11:00,INC0037,False,False
T000062,2026-06-04 09:19:00,Unable to cast VOD,Customers cannot start VOD playback through Chromecast.,Low,Closed,Casting,Chromecast,Casting Device,DK,VOD,OTT Playback,CAST_FAIL,2026-06-04 20:55:00,INC0012,False,False
T000639,2026-04-28 20:02:00,Playback fails on Samsung TV,Playback is failing on Tizen devices. Users report a black screen and DRM errors.,High,Closed,DRM,Tizen,Smart TV,DK,Live TV,OTT Playback,DRM_403,2026-04-29 01:09:00,INC0013,False,False
T000273,2026-04-28 20:44:00,Black screen when starting live TV,Playback is failing on Tizen devices. Users report a black screen and DRM errors.,Critical,Closed,DRM,Tizen,Smart TV,DK,Live TV,OTT Playback,DRM_403,2026-04-29 08:16:00,INC0013,False,False
T000286,2026-05-24 08:22:00,DRM error on Samsung devices,Users on Samsung Smart TV are unable to play content. Error 403 is observed during DRM validation.,Medium,In Progress,CDN,Tizen,Smart TV,DK,Live TV,OTT Playback,DRM_403,,INC0006,False,False
T000361,2026-02-05 16:52:00,Player startup failure Apple TV,Live channels do not start on Apple TV. The player remains on a black screen.,High,Resolved,Playback,tvOS,Apple TV,SE,Live TV,OTT Playback,PLAYER_START,2026-02-05 19:21:00,INC0032,False,False
T000355,2026-02-28 03:34:00,DRM error on Samsung devices,Users on Samsung Smart TV are unable to play content. Error 403 is observed during DRM validation.,High,Resolved,DRM,Tizen,Smart TV,DK,Live TV,OTT Playback,DRM_403,2026-02-28 10:24:00,INC0025,False,False
T000457,2026-04-09 12:42:00,Android users cannot log in,The Android application does not complete login for multiple customers.,High,Resolved,Authentication,Android,Mobile,DK,Login,Identity,AUTH_401,2026-04-09 13:07:00,INC0035,False,False
T000279,2026-01-13 00:48:00,Android users cannot log in,Customers using the Android app are unable to sign in and receive HTTP 401. Please investigate.,High,Resolved,Authentication,Android,Mobile,DK,Login,Identity,AUTH_401,2026-01-13 11:41:00,INC0016,False,False
T000013,2026-01-13 00:55:00,Login failing i Android app,The Android application does not complete login for multiple customers.,High,Closed,Authentication,Android,Mobile,DK,Login,Identity,AUTH_401,2026-01-13 04:01:00,INC0016,False,False
T000183,2026-04-28 17:41:00,Playback fails on Samsung TV,Live TV does not start on Samsung televisions. The client reports DRM authorization failure.,Medium,In Progress,DRM,Tizen,Smart TV,DK,Live TV,OTT Playback,DRM_403,,INC0013,False,False
T000369,2026-04-08 11:47:00,Authentication error on mobile,Login attempts fail on Android mobile devices after entering valid credentials.,Medium,Resolved,Authentication,Android,Mobile,DK,Login,Identity,AUTH_401,2026-04-08 13:10:00,INC0018,False,False
T000882,2026-04-05 18:30:00,Subtitle preference reset,Subtitle language preference resets after application restart.,Critical,Closed,Other,iOS,Smart TV,SE,Other,Customer Support,,,,True,False
T000616,2026-05-24 08:52:00,DRM error on Samsung devices,Live TV does not start on Samsung televisions. The client repors DRM authorization failure.,Medium,Resolved,DRM,Tizen,Smart TV,DK,Live TV,OTT Playback,DRM_403,2026-05-24 10:48:00,INC0006,False,False
T000224,2026-03-03 03:53:00,EPG data missing,The EPG contains empty schedule slots and has not refreshed correctly.,Critical,In Progress,Metadata,All,All,NO,EPG,Content Platform,EPG_MISSING,,INC0047,False,False
T000573,2026-01-24 09:20:00,DRM error on Samsung devices,Users on Samsung Smart TV are unable to play content. Error 403 is observed during DRM validation.,Medium,Closed,DRM,Tizen,Smart TV,DK,Live TV,OTT Playback,DRM_403,2026-01-24 13:45:00,INC0005,False,False
T000971,2026-01-02 07:54:00,EPG data missing,Programme guide data is missing for several channels in Norway.,High,Resolved,Metadata,All,All,NO,EPG,Content Platform,EPG_MISSING,2026-01-02 09:22:00,INC0008,False,True
T000654,2026-06-24 02:24:00,Android users cannot log in,The Android application does not complete login for multiple customers.,Medium,In Progress,Authentication,Android,Mobile,DK,Login,Identity,AUTH_401,,INC0003,False,False
T000546,2026-06-05 23:39:00,401 when signing in on Android,Customers using the Android app are unable to sign in and receive HTTP 401.,Medium,Closed,Authentication,Android,Mobile,DK,Login,Identity,AUTH_401,2026-06-06 04:04:00,INC0021,False,False
T000583,2026-03-09 17:34:00,DRM error on Samsung devices,Playback is failing on Tizen devices. Users report a black screen and DRM errors.,Low,Closed,DRM,Tizen,Smart TV,DK,Live TV,OTT Playback,DRM_403,2026-03-09 21:07:00,INC0040,False,False
T000634,2026-05-28 08:01:00,Unable to cast VOD,The mobile app connects to Chromecast but playback fails to initialize.,High,Resolved,Casting,Chromecast,Casting Device,DK,VOD,OTT Playback,CAST_FAIL,2026-05-28 11:39:00,INC0015,False,False
T000177,2026-03-03 01:44:00,EPG data missing Please investigate.,Customers cannot see programme titles for multiple live channels.,High,Resolved,Metadata,All,All,NO,EPG,Content Platform,EPG_MISSING,2026-03-03 05:57:00,INC0047,False,False
T000666,2026-05-19 20:00:00,Customers report repeated buffering,VOD sessions show a significant increase in buffering for customers in Denmark.,Medium,Resolved,CDN,Web,Browser,DK,VOD,CDN Operations,CDN_BUFFERING,2026-05-20 02:26:00,INC0044,False,False
T000674,2026-06-25 00:33:00,DRM error on Samsung clients,Several customers cannot start playback on Samsung Smart TVs. DRM authorization returns error 403.,High,Resolved,DRM,Tizen,Smart TV,DK,Live TV,OTT Playback,DRM_403,2026-06-25 08:43:00,INC0037,False,False
T000586,2026-03-29 09:33:00,Subscription authorization denied,Entitlement validation incorrectly reports that users do not have a subscription.,Medium,Resolved,Authorization,All,All,DK,Subscription,Entitlements,ENTITLEMENT_DENIED,2026-03-29 16:02:00,INC0009,False,False
T000874,2026-02-11 12:40:00,Subtitle preference reset,Subtitle language preference resets after application restart.,Medium,In Progress,Other,Web,Smart TV,NO,Other,Customer Support,,,,True,False
T000394,2026-02-27 06:01:00,Live TV fails on tvOS,Customers report player startup failures on Apple TV devices.,Medium,Open,Playback,tvOS,Apple TV,SE,Live TV,OTT Playback,PLAYER_START,,INC0002,False,False
T000164,2026-06-25 12:49:00,Apple TV playback does not start,Playback requests on tvOS are accepted but video never starts.,Medium,Resolved,Playback,tvOS,Apple TV,SE,Live TV,OTT Playback,PLAYER_START,2026-06-25 21:28:00,INC0024,False,False
T000249,2026-01-24 09:25:00,Black screen hen starting live TV,Playback is failing on Tizen devices. Users report a black screen and DRM errors.,Medium,Open,DRM,Tizen,Smart TV,DK,Live TV,OTT Playback,DRM_403,,INC0005,False,False
T000635,2026-02-26 15:05:00,Subscribed users can't access content,Customers with an active subscription are denied access to entitled content.,,Closed,Authorization,All,All,DK,Subscription,Entitlements,ENTITLEMENT_DENIED,2026-02-26 23:15:00,INC0007,False,False
T000886,2026-06-04 17:12:00,Profile avatar not saved,A user cannot save a new profile avatar.,High,In Progress,Other,iOS,Browser,SE,Other,Customer Support,,,,True,False
T000670,2026-01-12 22:06:00,401 when signing in on Android,The Android application does not complete login for multiple customers.,High,Resolved,Authentication,Android,Mobile,DK,Login,Identity,AUTH_401,2026-01-13 00:12:00,INC0016,False,False
T000376,2026-06-21 12:14:00,Live T fails on tvOS,tvOS clients are unable to initialize playback for live content.,High,Resolved,Playback,tvOS,Apple TV,SE,Live TV,OTT Playback,PLAYER_START,2026-06-21 14:13:00,INC0020,False,False
T000413,2026-01-29 13:57:00,DRM error on Samsung devices,Live TV does not start on Samsung televisions. The client reports DRM authorization failure.,High,Resolved,DRM,Tizen,Smart TV,DK,Live TV,OTT Playback,DRM_403,2026-01-29 20:32:00,INC0046,False,False
T000075,2026-06-04 11:25:00,Chromecast playback fails,Chromecast sessions terminate unexpectedly during stream startup.,Medium,Resolved,Casting,Chromecast,Casting Device,DK,VOD,OTT Playback,CAST_FAIL,2026-06-04 14:21:00,INC0012,False,False
T000114,2026-03-03 02:25:00,EPG not updating,The EPG contains empty schedule slots and has not refreshed correctly. Please investigate.,High,In Progress,Metadata,All,All,NO,EPG,Content Platform,EPG_MISSING,,INC0047,False,False
T000599,2026-05-26 22:56:00,Apple TV streaming does not start,tvOS clients are unable to initialize playback for live content.,Critical,Closed,Playback,tvOS,Apple TV,SE,Live TV,OTT Playback,PLAYER_START,2026-05-26 23:17:00,INC0027,False,False
T000962,2026-02-11 12:39:00,Cast session disconnects,Chromecast sessions terminate unexpectedly during stream startup.,High,In Progress,Casting,Chromecast,Casting Device,DK,VOD,OTT Playback,CAST_FAIL,,INC0019,False,True
T000391,2026-01-23 03:31:00,Login failing in Android app,Authentication requests from Android are rejected with 401 responses. Please investigate.,Medium,Closed,Authentication,Android,Mobile,DK,Login,Identity,AUTH_401,2026-01-23 13:45:00,INC0048,False,False
T000105,2026-06-06 00:09:00,Login failing in Android app,The Android application does not complete login for multiple customers.,Medium,Resolved,Authentication,Android,Mobile,DK,Login,Identity,AUTH_401,2026-06-06 10:20:00,INC0021,False,False
T000115,2026-01-21 18:09:00,Subscription authorization denied,Customers with an active subscription are denied access to entitled content.,Medium,In Progress,Authorization,All,All,DK,Subscription,Entitlements,ENTITLEMENT_DENIED,,INC0014,False,False
T000418,2026-02-26 15:08:00,Entitlement check failing,Customers with an active subscription are denied access to entitled content. Please investigate.,High,Resolved,Authorization,All,All,DK,Subscription,Entitlements,ENTITLEMENT_DENIED,2026-02-26 19:44:00,INC0007,False,False
T000526,2026-06-24 16:22:00,High buffering on VOD Please investigate.,VOD sessions show a significant increase in buffering for customers in Denmark.,Medium,Resolved,CDN,Web,Browser,DK,VOD,CDN Operations,CDN_BUFFERING,2026-06-25 04:00:00,INC0034,False,False
T000458,2026-06-21 09:06:00,Live TV fails on tvOS,Live channels do not start on Apple TV. The player remains on a black screen.,High,In Progress,Playback,tvOS,Apple TV,SE,Live TV,OTT Playback,PLAYER_START,,INC0020,False,False
T000410,2026-01-02 06:03:00,EPG not updating,Programme guide data is missing for several channels in Norway. Please investigate.,Low,Resolved,Metadata,All,All,NO,EPG,Content Platform,EPG_MISSING,2026-01-02 06:42:00,INC0008,False,False
T000093,2026-06-04 10:58:00,Cast session disconnects Please investigate.,Casting begins but the session disconnects before video starts.,Medium,Resolved,Casting,Chromecast,Casting Device,DK,VOD,OTT Playback,CAST_FAIL,2026-06-04 19:47:00,INC0012,False,False
T000931,2026-05-07 14:59:00,Profile avatar not saved,A user cannot save a new profile avatar. Please investigate.,Medium,Closed,Other,Web,Mobile,SE,Other,Customer Support,,,,True,False
T000090,2026-01-24 07:42:00,Playback fails on Samsung TV,Several customers cannot start playback on Samsung Smart TVs. DRM authorization returns error 403.,High,Resolved,DRM,Tizen,Smart TV,DK,Live TV,OTT Playback,DRM_403,2026-01-24 12:08:00,INC0005,False,False
T000337,2026-03-09 17:47:00,Playback fails on Samsung TV,Playback is failing on Tizen devices. Users report a black screen and DRM errors.,High,Closed,DRM,Tizen,Smart TV,DK,Live TV,OTT Playback,DRM_403,2026-03-09 23:04:00,INC0040,False,False
T000989,2026-01-13 01:00:00,Login failing i Android app,The Android application does not complete login for multiple customers.,High,Closed,Authentication,Android,Mobile,DK,Login,Identity,AUTH_401,2026-01-13 04:01:00,INC0016,False,True
T000922,2026-02-18 21:30:00,Subtitle preference reset,Subtitle language preference resets after application restart.,Low,In Progress,Other,Android,Browser,SE,Other,Customer Support,,,,True,False
T000934,2026-05-30 10:48:00,Search spelling result,Search gives an unexpected result for one misspelled title.,High,Resolved,Other,Tizen,Browser,DK,Other,Customer Support,,,,True,False
T000606,2026-05-28 06:59:00,Unable to cast VOD,The mobile app connects to Chromecast but playback fails to initialize. Please investigate.,High,In Progress,Casting,Chromecast,Casting Device,DK,VOD,OTT Playback,CAST_FAIL,,INC0015,False,False
T000594,2026-01-21 20:47:00,Subscription authorization denied,Entitlement validation incorrectly reports that users do not have a subscription.,Medium,In Progress,Authorization,All,All,DK,Subscription,Entitlements,ENTITLEMENT_DENIED,,INC0014,False,False
T000612,2026-06-25 02:29:00,Black screen whe starting live TV,Users on Samsung Smart TV are unable to play content. Error 403 is observed during DRM validation.,Medium,Open,DRM,Tizen,Smart TV,DK,Live TV,OTT Playback,DRM_403,,INC0037,False,False
T000095,2026-05-19 17:38:00,Customers report repeated buffering,Video delivery is slow and startup time has increased for browser clients.,Critical,In Progress,CDN,Web,Browser,DK,VOD,CDN Operations,CDN_BUFFERING,,INC0044,False,False
T000012,2026-03-29 08:19:00,Subscribed users cannot access content,Customers with an active subscription are denied access to entitled content.,High,Resolved,Authorization,All,All,DK,Subscription,Entitlements,ENTITLEMENT_DENIED,2026-03-29 13:54:00,INC0009,False,False
T000397,2026-02-06 10:26:00,Live TV timeout on Android TV,Live playback fails intermittently due to upstream timeout errors.,Medium,Resolved,Network,Android TV,Set-top Box,DK,Live TV,Network Operations,TIMEOUT,2026-02-06 13:32:00,INC0029,False,False
T000534,2026-01-21 17:50:00,Entitlement check failing,Entitlement validation incorrectly reports that users do not have a subscription.,Medium,In Progress,Authorization,All,All,DK,Subscription,Entitlements,ENTITLEMENT_DENIED,,INC0014,False,False
T000044,2026-05-24 07:42:00,Playback fails on Samsung TV,Live TV does not start on Samsung televisions. The client reports DRM authorization failure.,Medium,Resolved,DRM,Tizen,Smart TV,DK,Live TV,OTT Playback,DRM_403,2026-05-24 09:58:00,INC0006,False,False
T000043,2026-05-10 05:48:00,VOD playback buffering in Denmark,VOD sessions show a significant increase in buffering for customers in Denmark.,High,In Progress,CDN,Web,Browser,DK,VOD,CDN Operations,CDN_BUFFERING,,INC0041,False,False
T000330,2026-01-29 15:19:00,Playback fails on Samsung TV,Users on Samsung Smart TV are unable to play content. Error 403 is observed during DRM validation.,High,Resolved,DRM,Tizen,Smart TV,DK,Live TV,OTT Playback,DRM_403,2026-01-29 18:26:00,INC0046,False,False
T000168,2026-01-02 09:24:00,EPG not updating,Programme guide data is missing for several channels in Norway.,Medium,Resolved,Metadata,All,All,NO,EPG,Content Platform,EPG_MISSING,2026-01-02 16:56:00,INC0008,False,False
T000498,2026-06-03 10:47:00,Samsung playback returns 403 Please investigate.,Several customers cannot start playback on Samsung Smart TVs. DRM authorization returns error 403.,High,Open,DRM,Tizen,Smart TV,DK,Live TV,OTT Playback,DRM_403,,INC0045,False,False
T000877,2026-05-06 10:34:00,Profile avatar not saved,A user can't save a new profile avatar.,Medium,Closed,Other,Tizen,Mobile,SE,Other,Customer Support,,,,True,False
T000598,2026-05-30 15:37:00,Entitlement check failing Please investigate.,Valid subscribers receive an authorization denied response.,Medium,Closed,Authorization,All,All,DK,Subscription,Entitlements,ENTITLEMENT_DENIED,2026-05-31 01:33:00,INC0031,False,False
T000757,2026-02-27 07:05:00,Player startup failure Apple TV,Live channels do not start on Apple TV. The player remains on a black screen. Please investigate.,Medium,In Progress,Playback,tvOS,Apple TV,SE,Live TV,OTT Playback,PLAYER_START,,INC0002,False,False
T000101,2026-06-24 17:27:00,Slow video delivery from CDN,VOD sessions show a significant increase in buffering for customers in Denmark.,High,Closed,CDN,Web,Browser,DK,VOD,CDN Operations,CDN_BUFFERING,2026-06-24 22:37:00,INC0034,False,False
T000427,2026-04-28 18:53:00,Samsung playback returns 403,Playback is failing on Tizen devices. Users report a black screen and DRM errors.,Medium,In Progress,DRM,Tizen,Smart TV,DK,Live TV,OTT Playback,DRM_403,,INC0013,False,False
T000179,2026-04-13 08:21:00,Cast session disconnects,The mobile app connects to Chromecast but playback fails to initialize.,High,Closed,Casting,Chromecast,Casting Device,DK,VOD,OTT Playback,CAST_FAIL,2026-04-13 16:37:00,INC0026,False,False
T000445,2026-02-11 18:08:00,Player startup failure Apple TV,Users report player startup failures on Apple TV devices.,Medium,In Progress,Playback,tvOS,Apple TV,SE,Live TV,OTT Playback,PLAYER_START,,INC0022,False,False
T000417,2026-03-03 03:22:00,Missing programme information,Customers cannot see programme titles for multiple live channels.,Medium,Resolved,Metadata,All,All,NO,EPG,Content Platform,EPG_MISSING,2026-03-03 08:27:00,INC0047,False,False
T000871,2026-06-11 10:50:00,Volume mismatch Please investigate.,Volume level changes between two specific channels.,High,Open,Other,Web,Mobile,NO,Other,Customer Support,,,,True,False
T000883,2026-03-26 22:12:00,Search spelling result,Search gives an unexpected result for one misspelled title.,High,In Progress,Other,Tizen,Smart TV,SE,Other,Customer Support,,,,True,False
T000681,2026-06-25 00:08:00,Black screen when starting ive TV,Users on Samsung Smart TV are unable to play content. Error 403 is observed during DRM validation.,Medium,Closed,Authorization,Tizen,Smart TV,DK,Live TV,OTT Playback,DRM_403,2026-06-25 09:18:00,INC0037,False,False
T000178,2026-01-23 02:18:00,Login failing in Android app,Customers using the Android app are unable to sign in and receive HTTP 401.,High,In Progress,Playback,Android,Mobile,DK,Login,Identity,AUTH_401,,INC0048,False,False
T000396,2026-04-09 13:51:00,Login failing i Android app,The Android application does not complete login for multiple customers.,Critical,Closed,Authentication,Android,Mobile,DK,Login,Identity,AUTH_401,2026-04-09 17:17:00,INC0035,False,False
T000912,2026-05-08 10:22:00,Remote control issue,One customer reports that the remote control is not responding.,High,Resolved,Other,Tizen,Browser,SE,Other,Customer Support,,,,True,False
T000794,2026-06-05 23:32:00,Authentication error on mobile,Customers using the Android app are unable to sign in and receive HTTP 401.,Critical,Resolved,Authentication,Android,Mobile,DK,Login,Identity,AUTH_401,2026-06-06 09:03:00,INC0021,False,False
T000961,2026-05-24 17:55:00,Player startup failure Apple TV Please investigate.,Customers report player startup failures on Apple TV devices.,High,In Progress,Playback,tvOS,Apple TV,SE,Live TV,OTT Playback,PLAYER_START,,INC0030,False,True
T000685,2026-02-06 08:38:00,Android TV loses connection,Live playback is failing intermttently due to upstream timeout errors.,High,Closed,Network,Android TV,Set-top Box,DK,Live TV,Network Operations,TIMEOUT,2026-02-06 19:28:00,INC0029,False,False
T000384,2026-04-08 09:20:00,Android users cannot log in,Login attempts fail on Android mobile devices after entering valid credentials.,High,In Progress,Authentication,Android,Mobile,DK,Login,Identity,AUTH_401,,INC0018,False,False
T000957,2026-02-11 17:55:00,Black screen on Apple TV,Live channels do not start on Apple TV. The player remains on a black screen.,High,In Progress,Playback,tvOS,Apple TV,SE,Live TV,OTT Playback,PLAYER_START,,INC0022,False,True
T000752,2026-04-22 06:14:00,Missing programme informtion,Programme guide data is missing for several channels in Norway.,Medium,Resolved,Metadata,All,All,NO,EPG,Content Platform,EPG_MISSING,2026-04-22 10:34:00,INC0039,False,False
T000258,2026-04-09 14:38:00,Authentication error on mobile,Authentication requests from Android are rejected with 401 responses.,High,Resolved,Authentication,Android,Mobile,DK,Login,Identity,AUTH_401,2026-04-10 02:07:00,INC0035,False,False
T000539,2026-06-25 13:51:00,Black screen on Apple TV Please investigate.,Customers report player startup failures on Apple TV devices.,Medium,Resolved,Playback,tvOS,Apple TV,SE,Live TV,OTT Playback,PLAYER_START,2026-06-25 15:10:00,INC0024,False,False
T000336,2026-05-10 06:10:00,Slow video delivery from CDN,Video delivery is slow and startup time has increased for browser clients.,Medium,Resolved,CDN,Web,Browser,DK,VOD,CDN Operations,CDN_BUFFERING,2026-05-10 07:59:00,INC0041,False,False
T000016,2026-02-28 05:41:00,Playback fails on Samsng TV,Playback is failing on Tizen devices. Users reprt a black screen and DRM errors.,Medium,In Progress,DRM,Tizen,Smart TV,DK,Live TV,OTT Playback,DRM_403,,INC0025,False,False
T000325,2026-05-21 07:18:00,Playback timeout on STB,Timeout errors are increasing for Android TV live sessions.,Critical,Resolved,Network,Android TV,Set-top Box,DK,Live TV,Network Operations,TIMEOUT,2026-05-21 09:55:00,INC0050,False,False
T000759,2026-06-05 21:45:00,Android users cannot log in Please investigate.,Authentication requests from Android are rejected wih 401 responses.,High,In Progress,Authentication,Android,Mobile,DK,Login,Identity,AUTH_401,,INC0021,False,False
T000223,2026-05-16 09:39:00,Stream timeout on set-top boxes,Android TV set-top boxes report connection timeouts while starting live channels.,High,Resolved,Network,Android TV,Set-top Box,DK,Live TV,Network Operations,TIMEOUT,2026-05-16 18:04:00,INC0036,False,False
T000180,2026-05-21 08:34:00,Stream timeout on set-op boxes,Android TV set-top boxes report connection timeouts wile starting live channels.,Medium,Resolved,Network,Android TV,Set-top Box,DK,Live TV,Network Operations,TIMEOUT,2026-05-21 12:14:00,INC0050,False,False
T000984,2026-06-14 02:04:00,TV guide has empty slots,TV guide metadata appears stale or missing across supported devices.,Medium,Resolved,Metadata,All,All,NO,EPG,Content Platform,EPG_MISSING,2026-06-14 11:35:00,INC0023,False,True
T000023,2026-01-29 12:50:00,Black screen when starting live TV,Users on Samsung Smart TV are unable to play content. Error 403 is observed during DRM validation.,Medium,Resolved,Authorization,Tizen,Smart TV,DK,Live TV,OTT Playback,DRM_403,2026-01-29 14:15:00,INC0046,False,False
T000357,2026-06-04 10:47:00,Chromecast cannot start stream,Customers cannot start VOD playback through Chromecast.,Medium,Resolved,Casting,Chromecast,Casting Device,DK,VOD,OTT Playback,CAST_FAIL,2026-06-04 19:48:00,INC0012,False,False
T000667,2026-01-13 04:44:00,Authentication error on mobile,Customers using the Android app are unable to sign in and receive HTTP 401.,Low,Resolved,Authentication,Android,Mobile,DK,Login,Identity,AUTH_401,2026-01-13 07:14:00,INC0033,False,False
T000862,2026-03-16 09:06:00,Subtitle preference reset,Subtitle language preference resets after application restart.,Medium,Closed,Other,iOS,Smart TV,DK,Other,Customer Support,,,,True,False
T000341,2026-06-25 01:42:00,Playback fails on Samsung TV,Live TV does not start on Samsung televisions. The client reports DRM authorization failure.,Medium,In Progress,DRM,Tizen,Smart TV,DK,Live TV,OTT Playback,DRM_403,,INC0037,False,False
T000432,2026-01-02 07:57:00,Missing programme information,Customers cannot see programme titles for multiple live channels.,Critical,Closed,Metadata,All,All,NO,EPG,Content Platform,EPG_MISSING,2026-01-02 19:37:00,INC0008,False,False
T000552,2026-05-16 12:14:00,Stream timeout on set-top boxes,Live playback fails intermittently due to upstream timeout errors.,Critical,Closed,Network,Android TV,Set-top Box,DK,Live TV,Network Operations,TIMEOUT,2026-05-16 20:01:00,INC0036,False,False
T000834,2026-05-17 05:39:00,Android users cannot log in,Login attempts fail on Android mobile devices after entering valid credentials.,Low,In Progress,Authentication,Android,Mobile,DK,Login,Identity,AUTH_401,,INC0049,False,False
T000204,2026-05-10 04:32:00,High buffering on VOD,Video delivery is slow and startup time has increased for browser clients. Please investigate.,High,In Progress,CDN,Web,Browser,DK,VOD,CDN Operations,CDN_BUFFERING,,INC0041,False,False
T000631,2026-01-23 02:04:00,401 when signing in on Android,Customers using the Android app are unable to sign in and receive HTTP 401.,Critical,Resolved,Authentication,Android,Mobile,DK,Login,Identity,AUTH_401,2026-01-23 07:49:00,INC0048,False,False
T000094,2026-06-17 16:07:00,Apple TV playback does not start,Playback requests on tvOS are accepted but video never starts. Please investigate.,Medium,Resolved,Playback,tvOS,Apple TV,SE,Live TV,OTT Playback,PLAYER_START,2026-06-18 00:01:00,INC0028,False,False
T000559,2026-06-17 18:18:00,Apple TV playback does not start,Live channels do not start on Apple TV. The player remains on a black screen.,High,Closed,Playback,tvOS,Apple TV,SE,Live TV,OTT Playback,PLAYER_START,2026-06-17 21:30:00,INC0028,False,False
T000069,2026-02-09 13:30:00,Apple TV playback does not start,Customers report player startup failures on Apple TV devices.,Low,In Progress,Playback,tvOS,Apple TV,SE,Live TV,OTT Playback,PLAYER_START,,INC0043,False,False
T000623,2026-01-25 14:52:00,Customers see not subscribed message,Entitlement validation incorrectly reports that users do not have a subscription.,High,Resolved,Authorization,All,All,DK,Subscription,Entitlements,ENTITLEMENT_DENIED,2026-01-25 22:39:00,INC0011,False,False
T000285,2026-01-21 09:23:00,Missing programme information,The EPG contains empty schedule slots and has not refreshed correctly.,High,Resolved,Metadata,All,All,NO,EPG,Content Platform,EPG_MISSING,2026-01-21 10:03:00,INC0017,False,False
T000845,2026-03-09 16:51:00,DRM error on Samsung devices,Playback is failing on Tizen devices. Users report a black screen and DRM errors.,Medium,Closed,DRM,Tizen,Smart TV,DK,Live TV,OTT Playback,DRM_403,2026-03-09 17:57:00,INC0040,False,False
T000435,2026-06-25 14:44:00,Live TV fails on tvOS,Playback requests on tvOS are accepted but video never starts.,High,Resolved,Playback,tvOS,Apple TV,SE,Live TV,OTT Playback,PLAYER_START,2026-06-25 17:08:00,INC0024,False,False
T000154,2026-06-17 17:06:00,Live TV fails on tvOS Please investigate.,tvOS clients are unable to initialize playback for live content.,High,Resolved,Playback,tvOS,Apple TV,SE,Live TV,OTT Playback,PLAYER_START,2026-06-17 17:55:00,INC0028,False,False
T000076,2026-06-05 20:48:00,401 when signing in on Android,Authentication requests from Android are rejected with 401 responses.,Low,Open,Metadata,Android,Mobile,DK,Login,Identity,AUTH_401,,INC0021,False,False
T000731,2026-02-09 12:39:00,Apple TV playback does not start,Live channels do not start on Apple TV. The player remains on a black screen.,High,Resolved,Playback,tvOS,Apple TV,SE,Live TV,OTT Playback,PLAYER_START,2026-02-09 14:18:00,INC0043,False,False
T000447,2026-06-04 09:00:00,Chromecast cannot start stream,Customers cannot start VOD playback through Chromecast.,Medium,In Progress,Casting,Chromecast,Casting Device,DK,VOD,OTT Playback,CAST_FAIL,,INC0012,False,False
T000189,2026-02-28 03:00:00,DRM error on Samsung clients Please investigate.,Users on Samsung Smart TV are unable to play content. Error 403 is observed during DRM validation.,Medium,Open,DRM,Tizen,Smart TV,DK,Live TV,OTT Playback,DRM_403,,INC0025,False,False
T000272,2026-01-21 08:51:00,EPG data missing,Customers cannot see programme titles for multiple live channels.,High,Open,Metadata,All,All,NO,EPG,Content Platform,EPG_MISSING,,INC0017,False,False
T000237,2026-06-04 11:48:00,Unable to cast VOD,Chromecast sessions terminate unexpectedly during stream startup.,Medium,In Progress,Casting,Chromecast,Casting Device,DK,VOD,OTT Playback,CAST_FAIL,,INC0012,False,False
T000488,2026-04-09 15:02:00,401 when signing in on Android,Authentication requests from Android are rejected with 401 responses.,High,Resolved,Authentication,Android,Mobile,DK,Login,Identity,AUTH_401,2026-04-09 16:33:00,INC0035,False,False
T000118,2026-02-11 15:06:00,Chromecast playback fails,Chromecast sessions terminate unexpectedly during stream startup.,High,Open,Casting,Chromecast,Casting Device,DK,VOD,OTT Playback,CAST_FAIL,,INC0019,False,False
T000944,2026-01-03 10:54:00,Subtitle preference reset Please investigate.,Subtitle langage preference resets after application restart.,Medium,In Progress,Other,Android,Smart TV,SE,Other,Customer Support,,,,True,False
T000513,2026-04-08 09:17:00,Authentication error on mobile,The Android application does not complete login for multiple customers.,High,Closed,CDN,Android,Mobile,DK,Login,Identity,AUTH_401,2026-04-08 19:55:00,INC0018,False,False
T000826,2026-05-16 09:50:00,Playbak timeout on STB,Timeout errors are increasing for Android TV live sessions.,Medium,Resolved,Network,Android TV,Set-top Box,DK,Live TV,Network Operations,TIMEOUT,2026-05-16 19:43:00,INC0036,False,False
T000592,2026-01-21 19:34:00,Subscription authorization denied,Valid subscribers receive an authorization denied response.,Low,Open,Authorization,All,All,DK,Subscription,Entitlements,ENTITLEMENT_DENIED,,INC0014,False,False
T000127,2026-04-08 09:17:00,401 when signing in on Android,Login attempts fail on Android mobile devices after entering valid credentials.,High,Open,Authentication,Android,Mobile,DK,Login,Identity,AUTH_401,,INC0018,False,False
T000117,2026-06-13 19:04:00,EPG data missing,The EPG contains empty schedule slots and has not refreshe correctly.,Critical,Resolved,Metadata,All,All,NO,EPG,Content Platform,EPG_MISSING,2026-06-13 23:21:00,INC0042,False,False
T000474,2026-01-13 00:40:00,Login failing in Android app,Login attempts fail on Android mobile devices after entering valid credentials.,High,Resolved,Authentication,Android,Mobile,DK,Login,Identity,AUTH_401,2026-01-13 10:55:00,INC0016,False,False
T000694,2026-01-21 11:31:00,EPG data missing,TV guide metadata appears stale or missing across supported devices.,Low,Resolved,Metadata,All,All,NO,EPG,Content Platform,EPG_MISSING,2026-01-21 14:54:00,INC0017,False,False
T000058,2026-06-13 16:54:00,Missing programme information Please investigate.,Programme guide data is missing for several channels in Norway.,Medium,Closed,Metadata,All,All,NO,EPG,Content Platform,EPG_MISSING,2026-06-14 04:04:00,INC0042,False,False
T000864,2026-04-25 00:31:00,Subtitle preference reset,Subtitle language preference resets after application restart. Please investigate.,Medium,Resolved,Other,Tizen,Browser,DK,Other,Customer Support,,,,True,False
T000913,2026-05-05 02:30:00,Remote control issue,One customer reports that the remote control is not responding.,High,In Progress,Other,Tizen,Browser,SE,Other,Customer Support,,,,True,False
T000370,2026-03-28 05:23:00,Apple TV playback does not start,Live channels do not start on Apple TV. The player remains on a black screen.,Medium,In Progress,Playback,tvOS,Apple TV,SE,Live TV,OTT Playback,PLAYER_START,,INC0010,False,False
T000269,2026-01-02 07:57:00,TV guide has empty slots,The EPG contains empty schedule slots and has not refreshed correctly.,High,Resolved,Metadata,All,All,NO,EPG,Content Platform,EPG_MISSING,2026-01-02 08:24:00,INC0008,False,False
T000047,2026-06-05 23:20:00,401 when signing in on Android,Login attempts fail on Android mobile devices after entering valid crdentials.,Medium,Resolved,Authentication,Android,Mobile,DK,Login,Identity,AUTH_401,2026-06-06 07:44:00,INC0021,False,False
T000350,2026-06-13 16:56:00,EPG not updating,The EPG contains empty schedule slots and has not refreshed correctly.,High,Resolved,Metadata,All,All,NO,EPG,Content Platform,EPG_MISSING,2026-06-13 22:25:00,INC0042,False,False
T000196,2026-01-29 14:47:00,Black screen when starting live TV,Several customers cannot start playback on Samsung Smart TVs. DRM authorization returns error 403.,High,Resolved,Network,Tizen,Smart TV,DK,Live TV,OTT Playback,DRM_403,2026-01-30 02:01:00,INC0046,False,False
T001000,2026-05-10 04:58:00,Slow video delivery from CDN,VOD sessions show a significant increase in buffering for users in Denmark.,Medium,In Progress,Authorization,Web,Browser,DK,VOD,CDN Operations,CDN_BUFFERING,,INC0041,False,True
T000835,2026-03-03 01:45:00,EPG not updating,TV guide metadata appears stale or missing across supported devices.,Medium,Open,Metadata,All,All,NO,EPG,Content Platform,EPG_MISSING,,INC0047,False,False
T000737,2026-06-01 15:28:00,401 when signing in on Android,The Android application does not complete login for multiple customers.,Medium,Closed,Authentication,Android,Mobile,DK,Login,Identity,AUTH_401,2026-06-01 16:19:00,INC0004,False,False
T000264,2026-01-13 03:19:00,Login failing in Android app,Customers using the Android app are unable to sign in and receive HTTP 401.,Medium,In Progress,Authentication,Android,Mobile,DK,Login,Identity,AUTH_401,,INC0033,False,False
T000444,2026-02-09 15:13:00,Apple TV playback does not start,Playback requests on tvOS are accepted but video never starts.,Medium,Resolved,CDN,tvOS,Apple TV,SE,Live TV,OTT Playback,PLAYER_START,2026-02-10 01:45:00,INC0043,False,False
T000676,2026-05-30 13:45:00,Entitlement check failing,Content access is bloked even though the subscription is active.,Low,Closed,Authorization,All,All,DK,Subscription,Entitlements,ENTITLEMENT_DENIED,2026-05-30 18:02:00,INC0031,False,False
T000305,2026-01-29 12:10:00,Playback fails on Samsung TV Please investigate.,Playback is failing on Tizen devices. Users report a black screen and DRM errors.,Medium,In Progress,DRM,Tizen,Smart TV,DK,Live TV,OTT Playback,DRM_403,,INC0046,False,False
T000342,2026-06-21 09:39:00,Apple TV plyback does not start,Playback requests on tvOS are accepted but video never starts.,Medium,Resolved,Playback,tvOS,Apple TV,SE,Live TV,OTT Playback,PLAYER_START,2026-06-21 18:56:00,INC0020,False,False
T000967,2026-06-05 23:10:00,Login failing in Android app,The Android application does not complete login for multiple users.,High,Resolved,Authentication,Android,Mobile,DK,Login,Identity,AUTH_401,2026-06-06 05:48:00,INC0021,False,True
T000150,2026-04-09 12:47:00,Android users cannot log in,Customers using the Android app are unable to sign in and receive HTTP 401.,Medium,Resolved,Authentication,Android,Mobile,DK,Login,Identity,AUTH_401,2026-04-09 19:15:00,INC0035,False,False
T000125,2026-02-11 13:06:00,Chromecast cannot start stream,Chromecast sessions terminate unexpectedly during stream startup.,High,Resolved,Casting,Chromecast,Casting Device,DK,VOD,OTT Playback,CAST_FAIL,2026-02-11 16:30:00,INC0019,False,False
T000787,2026-06-21 10:18:00,Player startup failure Apple TV,Playback requests on tvOS are ccepted but video never starts. Please investigate.,High,Resolved,Playback,tvOS,Apple TV,SE,Live TV,OTT Playback,PLAYER_START,2026-06-21 13:06:00,INC0020,False,False
T000051,2026-06-04 09:34:00,Chromecast cannot start stream,Casting begins but the session disconnects before video starts.,Critical,Open,Network,Chromecast,Casting Device,DK,VOD,OTT Playback,CAST_FAIL,,INC0012,False,False
T000354,2026-03-09 18:58:00,Black screen when starting live TV Please investigate.,Live TV does not start on Samsung televisions. The client reports DRM authorization failure.,Medium,Closed,DRM,Tizen,Smart TV,DK,Live TV,OTT Playback,DRM_403,2026-03-10 02:11:00,INC0040,False,False
T000928,2026-03-20 06:52:00,Profile avatar not saved,A user cannot save a new profile avatar.,High,In Progress,Other,iOS,Browser,NO,Other,Customer Support,,,,True,False
T000143,2026-05-16 12:35:00,Playback timeout on STB,Android TV set-top boxes report connection timeouts while starting live channels.,Medium,Resolved,Network,Android TV,Set-top Box,DK,Live TV,Network Operations,TIMEOUT,2026-05-16 19:19:00,INC0036,False,False
T000471,2026-03-28 06:04:00,Live TV fails on tvOS,Playback requests on tvOS are accepted but video never starts.,Medium,Resolved,Playback,tvOS,Apple TV,SE,Live TV,OTT Playback,PLAYER_START,2026-03-28 13:17:00,INC0010,False,False
T000400,2026-02-27 05:08:00,Apple TV playback does not start,Live channels do not start on Apple TV. The player remains on a black screen.,Medium,Closed,Playback,tvOS,Apple TV,SE,Live TV,OTT Playback,PLAYER_START,2026-02-27 14:39:00,INC0002,False,False
T000626,2026-02-27 06:04:00,Apple TV playback does not start,Playback requests on tvOS are accepted but video never starts.,Medium,Resolved,Playback,tvOS,Apple TV,SE,Live TV,OTT Playback,PLAYER_START,2026-02-27 11:38:00,INC0002,False,False
T000321,2026-02-27 07:09:00,Player startup failure Apple TV,Playback requests on tvOS are accepted but video never starts.,Medium,In Progress,Playback,tvOS,Apple TV,SE,Live TV,OTT Playback,PLAYER_START,,INC0002,False,False
T000020,2026-01-29 14:54:00,DRM issu on Samsung devices,Playback is failing on Tizen devices. Users report a black screen and DRM issues. Please investigate.,High,Resolved,DRM,Tizen,Smart TV,DK,Live TV,OTT Playback,DRM_403,2026-01-29 21:47:00,INC0046,False,False
T000810,2026-02-09 15:27:00,Player startup failure Apple TV Please investigate.,tvOS clients are unable to initialize streaming for live content.,Medium,Resolved,Playback,tvOS,Apple TV,SE,Live TV,OTT Playback,PLAYER_START,2026-02-09 21:37:00,INC0043,False,False
T000791,2026-05-27 01:51:00,Player startup failure Apple TV,Customers report player startup failures on Apple TV devices.,,Closed,Playback,tvOS,Apple TV,SE,Live TV,OTT Playback,PLAYER_START,2026-05-27 04:46:00,INC0027,False,False
T000809,2026-02-06 09:02:00,Playback timeout on STB,Set-top boxes lose the streaming connection shortly after playback starts.,Medium,Resolved,Network,Android TV,Set-top Box,DK,Live TV,Network Operations,TIMEOUT,2026-02-06 17:06:00,INC0029,False,False
T000408,2026-05-26 23:47:00,Live TV fails on tvOS,Live channels do not start on Apple TV. The player remains on a black screen.,Low,In Progress,Playback,tvOS,Apple TV,SE,Live TV,OTT Playback,PLAYER_START,,INC0027,False,False
T000538,2026-06-14 10:25:00,EPG data missing,TV guide metadata appears stale or missing across supported devices.,High,Closed,Metadata,All,All,NO,EPG,Content Platform,EPG_MISSING,2026-06-14 17:43:00,INC0038,False,False
T000621,2026-06-25 14:15:00,Live TV fails o tvOS,Customers report player startup failures on Apple TV devices. Please investigate.,Medium,Closed,Playback,tvOS,Apple TV,SE,Live TV,OTT Playback,PLAYER_START,2026-06-25 21:55:00,INC0024,False,False
T000039,2026-01-25 15:16:00,Subscription authorization denied,Content access is blocked even though the subscription is active.,Low,Resolved,Authorization,All,All,DK,Subscription,Entitlements,ENTITLEMENT_DENIED,2026-01-25 20:50:00,INC0011,False,False
T000176,2026-02-11 17:50:00,Apple TV playback does not start,Customers report player startup failures on Apple TV clients.,Medium,In Progress,Playback,tvOS,Apple TV,SE,Live TV,OTT Playback,PLAYER_START,,INC0022,False,False
T000246,2026-05-30 14:46:00,Subscription authorization denied,Entitlement validation incorrectly reports that users do not have a subscription.,Critical,Open,Authorization,All,All,DK,Subscription,Entitlements,ENTITLEMENT_DENIED,,INC0031,False,False
T000829,2026-06-14 11:49:00,EPG not updating,Customers cannot see programme titles for multiple live channels.,Medium,Resolved,Metadata,All,All,NO,EPG,Content Platform,EPG_MISSING,2026-06-14 22:51:00,INC0038,False,False
T000668,2026-06-13 17:05:00,Missing programme information,Programme guide data is missing for several channels in Norway.,Medium,Resolved,Playback,All,All,NO,EPG,Content Platform,EPG_MISSING,2026-06-13 23:06:00,INC0042,False,False
T000755,2026-05-10 04:24:00,Customers report repeated buffering,Video delivery is slow and startup time has increased for browser clients.,High,Closed,CDN,Web,Browser,DK,VOD,CDN Operations,CDN_BUFFERING,2026-05-10 15:02:00,INC0041,False,False
T000859,2026-05-22 05:42:00,Profile avatar not saved,A user cannot save a new profile avatar.,High,Resolved,Other,Android,Smart TV,SE,Other,Customer Support,,,,True,False
T000155,2026-06-25 12:16:00,Player startup failure Apple TV,Customers report player startup failures on Apple TV devices.,High,Resolved,Playback,tvOS,Apple TV,SE,Live TV,OTT Playback,PLAYER_START,2026-06-25 15:57:00,INC0024,False,False
T000288,2026-06-03 13:42:00,Samsung playback returns 403,Several customers cannot start streaming on Samsung Smart TVs. DRM authorization returns error 403.,High,In Progress,DRM,Tizen,Smart TV,DK,Live TV,OTT Playback,DRM_403,,INC0045,False,False
T000603,2026-02-28 03:21:00,Samsung playback returns 403,Live TV does not start on Samsung televisions. The client reports DRM authorization failure.,Medium,Resolved,DRM,Tizen,Smart TV,DK,Live TV,OTT Playback,DRM_403,2026-02-28 09:07:00,INC0025,False,False
T000570,2026-06-25 02:48:00,Playback fails on Samsung TV,Users on Samsung Smart TV are unable to play content. Error 403 is observed during DRM validation.,High,Resolved,DRM,Tizen,Smart TV,DK,Live TV,OTT Playback,DRM_403,2026-06-25 07:56:00,INC0037,False,False
T000744,2026-06-25 00:00:00,Black screen when starting live TV,Live TV does not start on Samsung televisions. The client reports DRM authorization failure.,Critical,Resolved,DRM,Tizen,Smart TV,DK,Live TV,OTT Playback,DRM_403,2026-06-25 07:44:00,INC0037,False,False
T000018,2026-02-11 12:15:00,Cast session disconnects,Chromecast sessions terminate unexpectedly during stream startup.,Medium,Resolved,Casting,Chromecast,Casting Device,DK,VOD,OTT Playback,CAST_FAIL,2026-02-11 19:55:00,INC0019,False,False
T000128,2026-06-24 01:39:00,Login failing in Android app,Authentication requests from Android are rejected with 401 responses.,High,In Progress,Authentication,Android,Mobile,DK,Login,Identity,AUTH_401,,INC0003,False,False
T000323,2026-05-21 05:53:00,Stream timeout on set-top boxes,Live playback fails intermittently due to upstream timeout errors.,Medium,Closed,Network,Android TV,Set-top Box,DK,Live TV,Network Operations,TIMEOUT,2026-05-21 17:24:00,INC0050,False,False
T000256,2026-04-08 12:04:00,Authentication error on mobile,Authentication requests from Android are rejected with 401 responses.,Medium,In Progress,Authentication,Android,Mobile,DK,Login,Identity,AUTH_401,,INC0018,False,False
T000658,2026-06-14 00:54:00,Missing programm information,Customers cannot see programme titles for multiple live channels.,High,Resolved,Metadata,All,All,NO,EPG,Content Platform,EPG_MISSING,2026-06-14 05:37:00,INC0023,False,False
T000965,2026-05-21 07:18:00,Live TV timeout on Android TV,Timeout errors are increasing for Android TV live sessions.,Medium,Resolved,Network,Android TV,Set-top Box,DK,Live TV,Network Operations,TIMEOUT,2026-05-21 12:25:00,INC0050,False,True
T000191,2026-06-14 01:00:00,TV guide has empty slots,Customers cannot see programme titles for multiple live channels.,,In Progress,Metadata,All,All,NO,EPG,Content Platform,EPG_MISSING,,INC0023,False,False
T000116,2026-05-19 20:15:00,VOD playback buffering in Denmark,A high buffering ratio is observed across VOD sessions served by the primary CDN.,Low,Open,CDN,Web,Browser,DK,VOD,CDN Operations,CDN_BUFFERING,,INC0044,False,False
T000617,2026-06-13 20:34:00,EPG not updating,The EPG contains empty schedule slots and has not refreshed correctly.,Low,Closed,Metadata,All,All,NO,EPG,Content Platform,EPG_MISSING,2026-06-13 23:17:00,INC0042,False,False
T000607,2026-06-25 11:29:00,Apple TV playback does not start,tvOS clients are unable to initialize playback for live content.,Medium,In Progress,Playback,tvOS,Apple TV,SE,Live TV,OTT Playback,PLAYER_START,,INC0024,False,False
T000181,2026-01-12 23:01:00,Login failing in Android app,The Android application does not complete login for multiple customers.,Low,Closed,Authentication,Android,Mobile,DK,Login,Identity,AUTH_401,2026-01-13 07:44:00,INC0016,False,False
T000302,2026-06-25 14:11:00,Apple TV playback does not start,Playback requests on tvOS are accepted but video never starts.,Medium,In Progress,Playback,tvOS,Apple TV,SE,Live TV,OTT Playback,PLAYER_START,,INC0024,False,False
T000760,2026-06-17 15:54:00,Player startup failure Apple TV,Live channels do not start on Apple TV. The player remains on a black screen.,High,Resolved,Playback,tvOS,Apple TV,SE,Live TV,OTT Playback,PLAYER_START,2026-06-17 19:30:00,INC0028,False,False
T000713,2026-02-05 17:43:00,Apple TV playback does not start,Live channels do not start on Apple TV. The player remains on a black screen.,Low,In Progress,Playback,tvOS,Apple TV,SE,Live TV,OTT Playback,PLAYER_START,,INC0032,False,False
T000724,2026-02-06 09:42:00,Android TV loses connection,Live streaming fails intermittently due to upstream timeout errors.,High,Resolved,Network,Android TV,Set-top Box,DK,Live TV,Network Operations,TIMEOUT,2026-02-06 18:10:00,INC0029,False,False
T000686,2026-01-08 03:00:00,Android users cannot log in Please investigate.,Authentication requests from Android are rejected with 401 responses.,Medium,Closed,Authentication,Android,Mobile,DK,Login,Identity,AUTH_401,2026-01-08 07:35:00,INC0001,False,False
T000980,2026-01-08 01:43:00,401 when signing in on Android,The Android application does not complete login for multiple customers.,Low,Resolved,Authentication,Android,Mobile,DK,Login,Identity,AUTH_401,2026-01-08 04:22:00,INC0001,False,True
T000518,2026-06-01 14:36:00,Authentication error on mobile,Customers using the Android app are unable to sign in and receive HTTP 401. Please investigate.,High,Open,Authentication,Android,Mobile,DK,Login,Identity,AUTH_401,,INC0004,False,False
T000985,2026-06-05 22:35:00,Android users cannot log in,The Android application does not complete login for multiple customers.,Critical,Resolved,Authentication,Android,Mobile,DK,Login,Identity,AUTH_401,2026-06-06 01:24:00,INC0021,False,True
T000046,2026-02-09 13:53:00,Black screen on Apple TV,Customers report player startup failures on Apple TV devices.,High,Resolved,Playback,tvOS,Apple TV,SE,Live TV,OTT Playback,PLAYER_START,2026-02-09 16:45:00,INC0043,False,False
T000910,2026-03-03 12:19:00,Profile avatar not saved,A use cannot save a new profile avatar.,Medium,Open,Other,Web,Mobile,SE,Other,Customer Support,,,,True,False
T000158,2026-02-28 04:14:00,Samsung playback returns 403,Users on Samsung Smart TV are unale to play content. Error 403 is observed during DRM validation.,Medium,Resolved,DRM,Tizen,Smart TV,DK,Live TV,OTT Playback,DRM_403,2026-02-28 13:11:00,INC0025,False,False
T000852,2026-06-04 16:18:00,Subtitle preference reset,Subtitle language preference resets afer application restart.,High,In Progress,Other,iOS,Mobile,DK,Other,Customer Support,,,,True,False
T000172,2026-06-25 14:52:00,Black screen on Apple TV,Live channels do not start on Aple TV. The player remains on a black screen. Please investigate.,Medium,In Progress,Authorization,tvOS,Apple TV,SE,Live TV,OTT Playback,PLAYER_START,,INC0024,False,False
T000017,2026-01-13 04:28:00,401 when signing in on Android,The Android application does not complete login for multiple customers.,,Resolved,Authentication,Android,Mobile,DK,Login,Identity,AUTH_401,2026-01-13 16:10:00,INC0033,False,False
T000512,2026-01-13 05:20:00,Authentication error on mobile Please investigate.,Customers using the Android app are unable to sign in and receive HTTP 401.,High,Resolved,Authentication,Android,Mobile,DK,Login,Identity,AUTH_401,2026-01-13 14:59:00,INC0033,False,False
T000049,2026-05-19 20:37:00,Slow video delivery from CDN,VOD sessions show a significant increase in buffering for customers in Denmark.,Medium,Resolved,CDN,Web,Browser,DK,VOD,CDN Operations,CDN_BUFFERING,2026-05-20 06:03:00,INC0044,False,False
T000972,2026-06-24 01:18:00,401 when signing in on Android,Login attempts fail on Android mobile devices after entering valid credentials.,High,Resolved,Authentication,Android,Mobile,DK,Login,Identity,AUTH_401,2026-06-24 06:11:00,INC0003,False,True
T000941,2026-01-13 08:05:00,Search spelling result,Search gives an unexpected result for one misspelled title.,Medium,Resolved,Other,Android,Smart TV,DK,Other,Customer Support,,,,True,False
T000516,2026-02-27 07:12:00,Live TV fails on tvOS,Playback requests on tvOS are accepted but video never starts.,Medium,Closed,Playback,tvOS,Apple TV,SE,Live TV,OTT Playback,PLAYER_START,2026-02-27 08:04:00,INC0002,False,False
T000953,2026-03-29 08:23:00,Subscribed users cannot access content,Customers with an active subscription are denied access to entitled content.,High,Resolved,Authorization,All,All,DK,Subscription,Entitlements,ENTITLEMENT_DENIED,2026-03-29 13:54:00,INC0009,False,True
T000481,2026-01-25 14:55:00,Subscription authorization denied,Entitlement validation incorrectly reports that users do not have a subscription.,Medium,Resolved,Authorization,All,All,DK,Subscription,Entitlements,ENTITLEMENT_DENIED,2026-01-25 15:40:00,INC0011,False,False
T000284,2026-02-05 17:47:00,Apple TV playback does not start Please investigate.,Customers report player startup failures on Apple TV devices.,Medium,Resolved,Playback,tvOS,Apple TV,SE,Live TV,OTT Playback,PLAYER_START,2026-02-05 22:23:00,INC0032,False,False
T000719,2026-05-16 08:51:00,Stream timeout on set-top boxes,Timeout errors are increasing for Android TV live sessions.,Medium,Open,Network,Android TV,Set-top Box,DK,Live TV,Network Operations,TIMEOUT,,INC0036,False,False
T000878,2026-02-06 23:48:00,Subtitle preference reset,Subtitle language preference resets after application restart.,Medium,Resolved,Other,Web,Mobile,NO,Other,Customer Support,,,,True,False
T000226,2026-05-24 18:31:00,Apple TV playback does not start,Customers report player startup failures on Apple TV devices.,High,Resolved,Playback,tvOS,Apple TV,SE,Live TV,OTT Playback,PLAYER_START,2026-05-24 23:21:00,INC0030,False,False
T000027,2026-01-12 22:05:00,Login failing in Android app,The Android application does not complete login for multiple customers.,High,Resolved,Authentication,Android,Mobile,DK,Login,Identity,AUTH_401,2026-01-12 22:45:00,INC0016,False,False
T000955,2026-02-11 18:39:00,Black screen on Apple TV,Live channels do not start on Apple TV. The player remains on a black screen.,Low,In Progress,Playback,tvOS,Apple TV,SE,Live TV,OTT Playback,PLAYER_START,,INC0022,False,True
T000438,2026-01-08 00:59:00,Authentication error on mobile,Login attempts fail on Android mobile devices after entering valid credentials.,Medium,Resolved,Authentication,Android,Mobile,DK,Login,Identity,AUTH_401,2026-01-08 04:43:00,INC0001,False,False
T000952,2026-01-21 18:43:00,Customers see not subscribed message,Content access is blocked even though the subscription is active.,High,Closed,Authorization,All,All,DK,Subscription,Entitlements,ENTITLEMENT_DENIED,2026-01-22 02:19:00,INC0014,False,True
T000365,2026-06-14 02:11:00,Missing programme information,TV guide metadata appears stale or missing across supported devices.,High,Resolved,Metadata,All,All,NO,EPG,Content Platform,EPG_MISSING,2026-06-14 09:53:00,INC0023,False,False
T000230,2026-03-03 03:39:00,Missing programme information,TV guide metadata appears stale or missing across supported devices.,Medium,Closed,Metadata,All,All,NO,EPG,Content Platform,EPG_MISSING,2026-03-03 07:48:00,INC0047,False,False
T000038,2026-06-24 00:56:00,401 when signing in on Android,Login attempts fail on Android mobile devices after entering valid credentials.,High,Resolved,Authentication,Android,Mobile,DK,Login,Identity,AUTH_401,2026-06-24 06:11:00,INC0003,False,False
T000966,2026-06-03 12:12:00,Samsung playback returns 403,Several customers cannot start playback on Samsung Smart TVs. DRM authorization returns error 403.,High,Closed,DRM,Tizen,Smart TV,DK,Live TV,OTT Playback,DRM_403,2026-06-03 12:28:00,INC0045,False,True
T000375,2026-06-13 19:28:00,TV guide has empty slots Please investigate.,The EPG contains empty schedule slots and has not refreshed corectly.,Low,Resolved,CDN,All,All,NO,EPG,Content Platform,EPG_MISSING,2026-06-14 04:43:00,INC0042,False,False
T000470,2026-06-13 17:16:00,Missing programme information,Customers cannot see programme titles for multiple live channels.,Critical,Open,Metadata,All,All,NO,EPG,Content Platform,EPG_MISSING,,INC0042,False,False
T000968,2026-04-08 09:46:00,401 when signing in on Android,Login attempts fail on Android mobile devices after entering valid credentials.,High,Open,Authentication,Android,Mobile,DK,Login,Identity,AUTH_401,,INC0018,False,True
T000851,2026-04-29 06:57:00,Profile avatar not saved,A user cannot save a new profile avatar.,Medium,Closed,Other,Web,Mobile,DK,Other,Customer Support,,,,True,False
T000705,2026-02-11 16:55:00,Apple TV playback does not start,Playback requests on tvOS are accepted but video never starts.,High,Resolved,Playback,tvOS,Apple TV,SE,Live TV,OTT Playback,PLAYER_START,2026-02-12 03:38:00,INC0022,False,False
T000842,2026-05-10 05:44:00,High buffering on VOD,A high buffering ratio is observed across VOD sessions served by the primary CDN.,High,Resolved,CDN,Web,Browser,DK,VOD,CDN Operations,CDN_BUFFERING,2026-05-10 12:57:00,INC0041,False,False
T000195,2026-06-24 00:43:00,Login failing in Android app,Authentication requests from Android are rejected with 401 responses.,High,Resolved,Authentication,Android,Mobile,DK,Login,Identity,AUTH_401,2026-06-24 11:19:00,INC0003,False,False
T000855,2026-04-03 07:09:00,Search spelling result,Search gives an unexpected result for one misspelled title.,Low,Resolved,Other,Android,Browser,SE,Other,Customer Support,,,,True,False
T000865,2026-06-12 10:18:00,Subtitle preference reset,Subtitle language preference resets after application restart. Please investigate.,High,Closed,Other,Android,Mobile,SE,Other,Customer Support,,,,True,False
T000504,2026-05-21 08:44:00,Playback timeout on STB Please investigate.,Android TV set-top boxes report connection timeouts while starting live channels.,High,Closed,Network,Android TV,Set-top Box,DK,Live TV,Network Operations,TIMEOUT,2026-05-21 14:43:00,INC0050,False,False
T000970,2026-04-22 08:45:00,TV guide has empty slots,Customers cannot see programme titles for multiple live channels.,High,Resolved,Metadata,All,All,NO,EPG,Content Platform,EPG_MISSING,2026-04-22 10:00:00,INC0039,False,True
T000831,2026-05-16 12:05:00,Live TV timeout on Android TV,Android TV set-top boxes report connection timeouts while starting live channels.,Low,Resolved,Network,Android TV,Set-top Box,DK,Live TV,Network Operations,TIMEOUT,2026-05-16 16:14:00,INC0036,False,False
T000580,2026-04-08 08:59:00,401 when signing in on Android,The Android application does not complete login for multiple customers.,Medium,Resolved,Authentication,Android,Mobile,DK,Login,Identity,AUTH_401,2026-04-08 16:30:00,INC0018,False,False
T000969,2026-05-21 07:48:00,Android TV loses connection,Set-top boxes lose the streaming connection shortly after playback starts.,Low,Open,Network,Android TV,Set-top Box,DK,Live TV,Network Operations,TIMEOUT,,INC0050,False,True
T000163,2026-05-17 07:43:00,Login failing in Android app,The Android application does not complete login for multiple customers.,Medium,Resolved,Authentication,Android,Mobile,DK,Login,Identity,AUTH_401,2026-05-17 19:35:00,INC0049,False,False
T000909,2026-06-26 03:14:00,Volume mismatch,Volume level changes between two specific channels. Please investigate.,High,Open,Other,Tizen,Browser,DK,Other,Customer Support,,,,True,False
T000153,2026-02-11 17:09:00,Live TV fails on tvOS,tvOS clients are unable to initialize streaming for live content.,Medium,Resolved,Playback,tvOS,Apple TV,SE,Live TV,OTT Playback,PLAYER_START,2026-02-11 19:20:00,INC0022,False,False
T000802,2026-06-24 23:09:00,DRM error on Samsung devices Please investigate.,Playback is failing on Tizen devices. Users report a black screen and DRM errors.,Medium,Resolved,DRM,Tizen,Smart TV,DK,Live TV,OTT Playback,DRM_403,2026-06-25 01:40:00,INC0037,False,False
T000994,2026-05-19 20:12:00,High buffering on VOD,VOD sessions show a significant increase in buffering for customers in Denmark.,High,Closed,CDN,Web,Browser,DK,VOD,CDN Operations,CDN_BUFFERING,2026-05-20 01:22:00,INC0044,False,True
T000756,2026-02-11 18:23:00,Black screen on Apple TV Please investigate.,Playback requests on tvOS are accepted but ideo never starts.,Medium,In Progress,Playback,tvOS,Apple TV,SE,Live TV,OTT Playback,PLAYER_START,,INC0022,False,False
T000112,2026-05-30 16:06:00,Entitlement check failing,Content access is blocked even though the subscription is active.,High,Resolved,Authorization,All,All,DK,Subscription,Entitlements,ENTITLEMENT_DENIED,2026-05-30 17:29:00,INC0031,False,False
T000227,2026-03-29 10:58:00,Subscription authorization denied,Customers with an active subscription are denied access to entitled content.,Medium,In Progress,Authorization,All,All,DK,Subscription,Entitlements,ENTITLEMENT_DENIED,,INC0009,False,False
T000689,2026-03-03 04:43:00,TV guide has empty slots,Programme guide data i missing for several channels in Norway.,Critical,Open,Metadata,All,All,NO,EPG,Content Platform,EPG_MISSING,,INC0047,False,False
T000104,2026-06-14 00:17:00,EPG data missing,The EPG contains empty schedule slots and has not refreshed correctly.,Critical,Resolved,Metadata,All,All,NO,EPG,Content Platform,EPG_MISSING,2026-06-14 02:50:00,INC0023,False,False
T000422,2026-03-09 19:41:00,Black screen when starting live TV,Live TV does not start on Samsung televisions. The client reports DRM authorization failure.,Medium,Resolved,DRM,Tizen,Smart TV,DK,Live TV,OTT Playback,DRM_403,2026-03-10 02:02:00,INC0040,False,False
T000420,2026-02-27 08:02:00,Apple TV playback does not start,Playback requests on tvOS are accepted but video never starts.,High,Closed,Playback,tvOS,Apple TV,SE,Live TV,OTT Playback,PLAYER_START,2026-02-27 08:54:00,INC0002,False,False
T000751,2026-05-17 08:07:00,Authentication error on mobile,The Android application does not complete login for multiple customers.,,Resolved,Authentication,Android,Mobile,DK,Login,Identity,AUTH_401,2026-05-17 10:43:00,INC0049,False,False
T000587,2026-01-02 05:54:00,TV guide has empty slots Please investigate.,Customers cannot see programme titles for multiple live channels.,Low,Closed,Metadata,All,All,NO,EPG,Content Platform,EPG_MISSING,2026-01-02 16:14:00,INC0008,False,False
T000781,2026-04-28 20:14:00,DRM error on Samsung devices,Users on Samsung Smart TV are unable to play content. Error 403 is observed during DRM validation.,High,Closed,DRM,Tizen,Smart TV,DK,Live TV,OTT Playback,DRM_403,2026-04-28 21:39:00,INC0013,False,False
T000673,2026-03-29 10:08:00,Entitlement check failing,Valid subscribers receive an authorization denied response.,Medium,In Progress,Authorization,All,All,DK,Subscription,Entitlements,ENTITLEMENT_DENIED,,INC0009,False,False
T000120,2026-02-26 15:24:00,Entitlement check failing,Valid subscribers receive an authorization denied response.,Medium,Resolved,Authorization,All,All,DK,Subscription,Entitlements,ENTITLEMENT_DENIED,2026-02-26 18:07:00,INC0007,False,False
T000054,2026-06-13 23:31:00,Missing programme information,The EPG contains empty schedule slots and has not refreshed correctly.,Medium,In Progress,Metadata,All,All,NO,EPG,Content Platform,EPG_MISSING,,INC0023,False,False
T000152,2026-03-03 01:51:00,EPG not updating,Programme guide data is missing for several channels in Norway.,High,Resolved,Metadata,All,All,NO,EPG,Content Platform,EPG_MISSING,2026-03-03 08:07:00,INC0047,False,False
T000404,2026-01-07 23:56:00,401 when signing in on Android,The Android application does not complete login for multiple customers. Please investigate.,Medium,Resolved,Authentication,Android,Mobile,DK,Login,Identity,AUTH_401,2026-01-08 04:44:00,INC0001,False,False
T000946,2026-06-23 12:35:00,Volume mismatch,Volume level changes between two specific channels.,High,Closed,Other,iOS,Smart TV,SE,Other,Customer Support,,,,True,False
T000208,2026-04-28 19:00:00,Samsung playback returns 403,Several customers cannot start playback on Samsung Smart TVs. DRM authorization returns error 403.,Medium,Closed,DRM,Tizen,Smart TV,DK,Live TV,OTT Playback,DRM_403,2026-04-28 22:56:00,INC0013,False,False
T000659,2026-05-19 19:10:00,Customers report repeated buffering,A high buffering ratio is observed across VOD sessions served by the primary CDN.,High,Open,CDN,Web,Browser,DK,VOD,CDN Operations,CDN_BUFFERING,,INC0044,False,False
T000844,2026-04-09 12:51:00,Login failing in Android app Please investigate.,Login attempts fail on Android mobile devices after entering valid credentials.,Medium,Closed,Playback,Android,Mobile,DK,Login,Identity,AUTH_401,2026-04-10 00:51:00,INC0035,False,False
T000763,2026-02-11 15:45:00,Live TV fails on tvOS,tvOS clients are unable to initialize playback for live content. Please investigate.,Critical,Closed,Playback,tvOS,Apple TV,SE,Live TV,OTT Playback,PLAYER_START,2026-02-11 21:59:00,INC0022,False,False
T000009,2026-06-14 02:20:00,Missing programme information,Programme guide data is missing for several channels in Norway.,High,Closed,Metadata,All,All,NO,EPG,Content Platform,EPG_MISSING,2026-06-14 03:50:00,INC0023,False,False
T000808,2026-04-28 17:53:00,Playback fails on Samsung TV,Several customers cannot start playback on Samsung Smart TVs. DRM authorization returns error 403.,High,In Progress,DRM,Tizen,Smart TV,DK,Live TV,OTT Playback,DRM_403,,INC0013,False,False
T000037,2026-06-25 01:45:00,Playback fails on Samsung TV,Several customers cannot start playback on Samsung Smart TVs. DRM authorization returns error 403.,High,Resolved,DRM,Tizen,Smart TV,DK,Live TV,OTT Playback,DRM_403,2026-06-25 03:06:00,INC0037,False,False
T000453,2026-02-06 11:54:00,Playback timeout on STB,Timeout errors are increasing for Android TV live sessions.,High,Resolved,Network,Android TV,Set-top Box,DK,Live TV,Network Operations,TIMEOUT,2026-02-06 18:51:00,INC0029,False,False
T000652,2026-02-09 14:03:00,Apple TV playback does not start,tvOS clients are unable to initialize playback for live content.,Medium,Resolved,Playback,tvOS,Apple TV,SE,Live TV,OTT Playback,PLAYER_START,2026-02-09 22:06:00,INC0043,False,False
T000254,2026-06-13 18:58:00,EPG data missing,Customers cannot see programme titles for multiple live channels.,Low,In Progress,Metadata,All,All,NO,EPG,Content Platform,EPG_MISSING,,INC0042,False,False
T000304,2026-06-25 11:49:00,Apple TV playback does not start,Live channels do not start on Apple TV. The player remains on a black screen.,High,Resolved,Playback,tvOS,Apple TV,SE,Live TV,OTT Playback,PLAYER_START,2026-06-25 22:29:00,INC0024,False,False
T000747,2026-04-22 06:55:00,Missing programme information,Programme guide data is missing for several channels in Norway.,Low,Resolved,Metadata,All,All,NO,EPG,Content Platform,EPG_MISSING,2026-04-22 15:29:00,INC0039,False,False
T000572,2026-05-24 18:02:00,Black screen on Apple TV,tvOS clients are unable to initialize playback for live content.,High,Closed,Playback,tvOS,Apple TV,SE,Live TV,OTT Playback,PLAYER_START,2026-05-25 01:51:00,INC0030,False,False
T000624,2026-01-23 02:38:00,401 when signing in on Android,The Android application does not omplete login for multiple customers.,High,Open,Authentication,Android,Mobile,DK,Login,Identity,AUTH_401,,INC0048,False,False
T000733,2026-06-01 13:37:00,401 when signing in on Android,Customers using the Android app are unable to sign in and receive HTTP 401.,Medium,Closed,Authentication,Android,Mobile,DK,Login,Identity,AUTH_401,2026-06-01 22:40:00,INC0004,False,False
T000892,2026-03-08 07:15:00,Remote control issue Please investigate.,One customer reports that the remote control is not responding. Please investigate.,Medium,In Progress,Other,Android,Browser,NO,Other,Customer Support,,,,True,False
T000263,2026-02-09 12:46:00,Apple TV playback does not start,tvOS clients are unable to initialize playback for live content.,High,Closed,Playback,tvOS,Apple TV,SE,Live TV,OTT Playback,PLAYER_START,2026-02-09 20:10:00,INC0043,False,False
T000611,2026-05-21 08:52:00,Androd TV loses connection,Set-top boxes lose the streaming connection shortly after playback starts. Please investigate.,Critical,Open,Network,Android TV,Set-top Box,DK,Live TV,Network Operations,TIMEOUT,,INC0050,False,False
T000298,2026-05-10 05:46:00,Slow video delivery from CDN,VOD sessions show a significant increase in buffering for customers in Denmark.,High,Open,CDN,Web,Browser,DK,VOD,CDN Operations,CDN_BUFFERING,,INC0041,False,False
T000415,2026-05-28 09:06:00,Chromecast cannot start stream,The mobile app connects to Chromecast but playback fails to initialize.,High,In Progress,Casting,Chromecast,Casting Device,DK,VOD,OTT Playback,CAST_FAIL,,INC0015,False,False
T000151,2026-02-26 14:39:00,Entitlement check failing,Entitlement validation incorrectly reports that users do not have a subscription.,Low,In Progress,Authorization,All,All,DK,Subscription,Entitlements,ENTITLEMENT_DENIED,,INC0007,False,False
T000789,2026-02-06 11:47:00,Stream timeout on set-top boxes,Timeout errors are increasing for Android TV live sessions.,Critical,In Progress,Network,Android TV,Set-top Box,DK,Live TV,Network Operations,TIMEOUT,,INC0029,False,False
T000641,2026-06-13 18:53:00,EPG data missing,The EPG contains empty schedule slots and has not refreshed correctly.,Low,Resolved,Metadata,All,All,NO,EPG,Content Platform,EPG_MISSING,2026-06-14 01:13:00,INC0042,False,False
T000890,2026-01-11 16:03:00,Search spelling result,Search gives an unexpected result for one misspelled title.,Medium,In Progress,Other,Web,Mobile,SE,Other,Customer Support,,,,True,False
T000551,2026-05-10 07:00:00,Slow video delivery from CDN,VOD sessions show a significant increase in buffering for customers in Denmark.,Medium,Open,CDN,Web,Browser,DK,VOD,CDN Operations,CDN_BUFFERING,,INC0041,False,False
T000887,2026-06-29 00:19:00,Volume mismatch Please investigate.,Volume level changes between two specific channels.,High,In Progress,Other,Tizen,Smart TV,SE,Other,Customer Support,,,,True,False
T000489,2026-05-10 05:01:00,Slow video delivery from CDN,Users experience repeated buffering while watching on-demand contnt. CDN latency is elevated. Please investigate.,Medium,In Progress,CDN,Web,Browser,DK,VOD,CDN Operations,CDN_BUFFERING,,INC0041,False,False
T000148,2026-04-13 09:37:00,Unable to cast VOD,Customers cannot start VOD playback through Chromecast.,Medium,Closed,Casting,Chromecast,Casting Device,DK,VOD,OTT Playback,CAST_FAIL,2026-04-13 11:53:00,INC0026,False,False
T000147,2026-06-13 19:10:00,TV guide has empty slots,Customers cannot see programme titles for multiple live channels.,Medium,Resolved,Metadata,All,All,NO,EPG,Content Platform,EPG_MISSING,2026-06-13 21:49:00,INC0042,False,False
T000721,2026-01-02 09:12:00,TV guide has empty slots,Programme guide data is missing for several channels in Norway.,Low,Resolved,CDN,All,All,NO,EPG,Content Platform,EPG_MISSING,2026-01-02 15:58:00,INC0008,False,False
T000932,2026-03-22 03:08:00,Volume mismatch,Volume level changes between two specific channels.,Medium,Open,Other,Tizen,Browser,DK,Other,Customer Support,,,,True,False
T000740,2026-01-13 03:46:00,401 when signing in on Android,Login attempts fail on Android mobile devices after entering valid credentials.,High,Open,Authentication,Android,Mobile,DK,Login,Identity,AUTH_401,,INC0033,False,False
T000660,2026-02-28 04:34:00,Samsung playback returns 403,Live TV does not start on Samsung televisions. The client reports DRM authorization failure.,Medium,Closed,DRM,Tizen,Smart TV,DK,Live TV,OTT Playback,DRM_403,2026-02-28 06:44:00,INC0025,False,False
T000349,2026-05-24 19:20:00,Apple TV playback does not start,Customers report player startup failures on Apple TV devices.,High,Open,Playback,tvOS,Apple TV,SE,Live TV,OTT Playback,PLAYER_START,,INC0030,False,False
T000464,2026-01-12 22:07:00,Android users cannot log in,Login attempts fail on Android mobile devices after entering valid credentials. Please investigate.,Medium,Open,Authorization,Android,Mobile,DK,Login,Identity,AUTH_401,,INC0016,False,False
T000326,2026-05-26 23:16:00,Live TV fails on tvOS,Customers report player startup failures on Apple TV devices.,High,Closed,Playback,tvOS,Apple TV,SE,Live TV,OTT Playback,PLAYER_START,2026-05-27 11:03:00,INC0027,False,False
T000187,2026-06-17 16:09:00,Live TV fails on tvOS Please investigate.,tvOS clients are unable to initialize playback for live content.,Low,In Progress,Playback,tvOS,Apple TV,SE,Live TV,OTT Playback,PLAYER_START,,INC0028,False,False
T000124,2026-05-16 10:33:00,Live TV timeout on Android TV,Android TV set-top boxes report connection timeouts while starting live channels.,Critical,Closed,Authentication,Android TV,Set-top Box,DK,Live TV,Network Operations,TIMEOUT,2026-05-16 22:21:00,INC0036,False,False
T000854,2026-06-15 12:18:00,Search spelling result,Search gives an unexpected result for one misspelled title.,Critical,Closed,Other,Tizen,Browser,SE,Other,Customer Support,,,,True,False
T000609,2026-01-21 11:50:00,TV guide has empty slots,TV guide metadata appears stale or missing across supported devices.,Medium,Resolved,Metadata,All,All,NO,EPG,Content Platform,EPG_MISSING,2026-01-21 21:55:00,INC0017,False,False
T000144,2026-05-24 06:46:00,Black screen when starting live TV,Users on Samsung Smart TV are unable to play content. Error 403 is observed during DRM validation.,Medium,Resolved,DRM,Tizen,Smart TV,DK,Live TV,OTT Playback,DRM_403,2026-05-24 12:21:00,INC0006,False,False
T000959,2026-01-21 18:02:00,Entitlement check failing,Entitlement validation incorrectly reports that users do not have a subscription.,Medium,In Progress,Authorization,All,All,DK,Subscription,Entitlements,ENTITLEMENT_DENIED,,INC0014,False,True
T000198,2026-01-25 15:41:00,Subscribed users cannot access content,Content access is blocked even though the subscription is active.,Medium,In Progress,Authorization,All,All,DK,Subscription,Entitlements,ENTITLEMENT_DENIED,,INC0011,False,False
T000610,2026-01-23 01:54:00,401 when signing in on Android,The Android application does not complete login for multiple customers.,Medium,Closed,Authentication,Android,Mobile,DK,Login,Identity,AUTH_401,2026-01-23 12:33:00,INC0048,False,False
T000280,2026-06-25 02:49:00,Black screen when starting live TV,Users on Samsung Smart TV are unable to play content. Error 403 is observed during DRM validation.,High,Resolved,DRM,Tizen,Smart TV,DK,Live TV,OTT Playback,DRM_403,2026-06-25 07:50:00,INC0037,False,False
T000294,2026-03-09 18:53:00,DRM erro on Samsung devices,Playback is failing on Tizen devices. Users report a black screen and DRM errors.,Medium,Resolved,DRM,Tizen,Smart TV,DK,Live TV,OTT Playback,DRM_403,2026-03-09 22:25:00,INC0040,False,False
T000401,2026-02-11 12:50:00,Chromecast cannot start stream,Chromecast sessions terminate unexpectedly during stream startup.,High,Resolved,Casting,Chromecast,Casting Device,DK,VOD,OTT Playback,CAST_FAIL,2026-02-11 19:09:00,INC0019,False,False
T000123,2026-01-13 04:00:00,Login failing in Android app,The Android application does not complete login for multiple customers. Please investigate.,Medium,Resolved,Authentication,Android,Mobile,DK,Login,Identity,AUTH_401,2026-01-13 14:06:00,INC0033,False,False
T000184,2026-05-19 18:15:00,Slow video delivery from CDN,VOD sessions show a significant increase in buffering for customers in Denmark.,High,Open,Authorization,Web,Browser,DK,VOD,CDN Operations,CDN_BUFFERING,,INC0044,False,False
T000203,2026-04-13 11:55:00,Unable to cast VOD,Casting begins but the session disconnects before video starts.,Critical,Resolved,Casting,Chromecast,Casting Device,DK,VOD,OTT Playback,CAST_FAIL,2026-04-13 12:50:00,INC0026,False,False
T000439,2026-01-21 08:39:00,Missing programme information,TV guide metadata appears stale or missing across supported devices.,Critical,Closed,Metadata,All,All,NO,EPG,Content Platform,EPG_MISSING,2026-01-21 19:06:00,INC0017,False,False
T000247,2026-04-09 15:43:00,Authentication error on mobile,Authentication requests from Android are rejected with 401 responses.,Medium,Open,Authentication,Android,Mobile,DK,Login,Identity,AUTH_401,,INC0035,False,False
T000416,2026-03-28 04:46:00,Apple TV playback does not start,Customers report player startup failures on Apple TV devices.,Medium,Resolved,Playback,tvOS,Apple TV,SE,Live TV,OTT Playback,PLAYER_START,2026-03-28 11:56:00,INC0010,False,False
T000933,2026-01-16 00:07:00,Search spelling result,Search gives an unexpected result for one misspelled title.,Medium,Resolved,Other,Android,Browser,DK,Other,Customer Support,,,,True,False
T000766,2026-01-23 01:13:00,Login failing in Android app,Authentication requests from Android are rejected with 401 responses.,High,Resolved,Authentication,Android,Mobile,DK,Login,Identity,AUTH_401,2026-01-23 10:56:00,INC0048,False,False
T000907,2026-05-27 04:52:00,Subtitle preference reset,Subtitle language preference resets after application restart.,Medium,Open,Other,Web,Mobile,NO,Other,Customer Support,,,,True,False
T000836,2026-06-17 19:10:00,Live TV fails on tvOS,Live channels do not start on Apple TV. The player remains on a black screen.,Low,Resolved,Playback,tvOS,Apple TV,SE,Live TV,OTT Playback,PLAYER_START,2026-06-17 23:48:00,INC0028,False,False
T000888,2026-02-10 19:28:00,Search spelling result,Search gives an unexpected result for one misspelled title.,High,Resolved,Other,Web,Browser,DK,Other,Customer Support,,,,True,False
T000130,2026-06-24 14:59:00,Slow video delivery from CDN,Users experience repeated buffering while watching on-demand content. CDN latency is elevated.,Critical,Resolved,Authorization,Web,Browser,DK,VOD,CDN Operations,CDN_BUFFERING,2026-06-24 22:25:00,INC0034,False,False
T000638,2026-02-27 06:10:00,Live TV fails on tvOS,Customers report player startup failures on Apple TV devices.,Critical,In Progress,Playback,tvOS,Apple TV,SE,Live TV,OTT Playback,PLAYER_START,,INC0002,False,False
T000403,2026-05-16 10:33:00,Stream timeout on set-top boxes,Android TV set-top boxes report connection timeouts while starting live channels.,High,Resolved,Network,Android TV,Set-top Box,DK,Live TV,Network Operations,TIMEOUT,2026-05-16 20:34:00,INC0036,False,False
T000785,2026-02-26 18:33:00,Entitlement check failing,Valid subscribers receive an authorization denied response.,Medium,Resolved,Authorization,All,All,DK,Subscription,Entitlements,ENTITLEMENT_DENIED,2026-02-27 02:26:00,INC0007,False,False
T000771,2026-04-22 09:03:00,TV guide has empty slots Please investigate.,Programme guide data is missing for several channels in Norway.,Medium,Closed,Metadata,All,All,NO,EPG,Content Platform,EPG_MISSING,2026-04-22 15:02:00,INC0039,False,False
T000736,2026-06-14 11:26:00,Missing programme information Please investigate.,Customers can't see programme titles for multiple live channels.,High,Open,Metadata,All,All,NO,EPG,Content Platform,EPG_MISSING,,INC0038,False,False
T000914,2026-05-22 22:54:00,Profile avatar not saved,A user cannot save a new profile avatar.,Low,Closed,Other,Web,Smart TV,DK,Other,Customer Support,,,,True,False
T000220,2026-06-24 14:26:00,VOD playback buffering in Denmark,Video delivery is slow and startup time ha increased for browser clients.,Medium,Resolved,CDN,Web,Browser,DK,VOD,CDN Operations,CDN_BUFFERING,2026-06-24 15:04:00,INC0034,False,False
T000642,2026-01-29 13:20:00,Black screen when starting live TV,Playback is failing on Tizen devices. Users report a black screen and DRM errors.,High,Resolved,DRM,Tizen,Smart TV,DK,Live TV,OTT Playback,DRM_403,2026-01-29 17:18:00,INC0046,False,False
T000916,2026-06-03 10:27:00,Profile avatar not saved Please investigate.,A user cannot save a new profile avatar.,High,In Progress,Other,Tizen,Browser,SE,Other,Customer Support,,,,True,False
T000753,2026-06-13 17:24:00,Missing programme information Please investigate.,TV guide metadata appears stale or missing across supported devices.,Low,In Progress,Metadata,All,All,NO,EPG,Content Platform,EPG_MISSING,,INC0042,False,False
T000807,2026-06-21 10:08:00,Player startup failure Apple TV,tvOS clients are unable to initialize playback for live content. Please investigate.,Medium,Resolved,Playback,tvOS,Apple TV,SE,Live TV,OTT Playback,PLAYER_START,2026-06-21 18:21:00,INC0020,False,False
T000920,2026-05-27 05:42:00,Remote control issue,One customer reports that the remote control is not responding.,High,Open,Other,Web,Browser,DK,Other,Customer Support,,,,True,False
T000625,2026-06-14 10:31:00,TV guide has empty slots,TV guide metadata appears stale or missing across supported devices.,Low,In Progress,Metadata,All,All,NO,EPG,Content Platform,EPG_MISSING,,INC0038,False,False
T000875,2026-03-14 05:04:00,Profile avatar not saved,A user cannot save a new profile avatar. Please investigate.,High,Closed,Other,Web,Smart TV,NO,Other,Customer Support,,,,True,False
T000761,2026-04-08 10:37:00,401 when signing in on Android,The Android application does not complete login for multiple customers.,High,Open,Authentication,Android,Mobile,DK,Login,Identity,AUTH_401,,INC0018,False,False
T000387,2026-06-03 14:01:00,DRM error on Samsug clients,Playback is failing on Tizen devices. Users report a black screen and DRM errors.,Medium,Resolved,Metadata,Tizen,Smart TV,DK,Live TV,OTT Playback,DRM_403,2026-06-03 16:01:00,INC0045,False,False
T000973,2026-04-13 09:12:00,Chromecast playback fails,Users cannot start VOD playback through Chromecast.,High,Resolved,Casting,Chromecast,Casting Device,DK,VOD,OTT Playback,CAST_FAIL,2026-04-13 12:44:00,INC0026,False,True
T000510,2026-04-28 19:02:00,Black screen when starting live TV,Live TV does not start on Samsung televisions. The client reports DRM authorization failure.,Medium,Resolved,DRM,Tizen,Smart TV,DK,Live TV,OTT Playback,DRM_403,2026-04-28 23:22:00,INC0013,False,False
T000268,2026-05-21 06:53:00,Live TV timeout on Android TV,Android TV set-top boxes report connection timeouts while starting live channels.,High,Resolved,Network,Android TV,Set-top Box,DK,Live TV,Network Operations,TIMEOUT,2026-05-21 13:11:00,INC0050,False,False
T000820,2026-02-05 18:54:00,Black screen on Apple TV,Live channels do not start on Apple TV. The player remains on a black screen.,High,Closed,Playback,tvOS,Apple TV,SE,Live TV,OTT Playback,PLAYER_START,2026-02-06 05:35:00,INC0032,False,False
T000442,2026-03-03 04:08:00,EPG not updating,The EPG contains empty schedule slots and has not refreshed correctly.,,Resolved,Metadata,All,All,NO,EPG,Content Platform,EPG_MISSING,2026-03-03 07:41:00,INC0047,False,False
T000497,2026-01-12 22:41:00,Login failing in Android app,Customers using the Android app are unable to sign in and receive HTTP 401.,Medium,Closed,DRM,Android,Mobile,DK,Login,Identity,AUTH_401,2026-01-12 23:56:00,INC0016,False,False
T000113,2026-05-19 19:42:00,VOD playback buffering in Denmark,Video delivery is slow and startup time has increased for browser clients.,Medium,Resolved,CDN,Web,Browser,DK,VOD,CDN Operations,CDN_BUFFERING,2026-05-20 00:32:00,INC0044,False,False
T000692,2026-02-26 16:58:00,Subscription authorization denied,Valid subscribers receive an authorization denied response.,Critical,Closed,Authorization,All,All,DK,Subscription,Entitlements,ENTITLEMENT_DENIED,2026-02-26 23:55:00,INC0007,False,False
T000233,2026-05-24 10:07:00,Black screen when starting live TV,Users on Samsung Smart TV are unable to play content. Error 403 is observed during DRM validation. Please investigate.,Medium,Closed,DRM,Tizen,Smart TV,DK,Live TV,OTT Playback,DRM_403,2026-05-24 20:45:00,INC0006,False,False
T000870,2026-01-17 04:36:00,Profile avatar not saved,A user cannot save a new profile avatar.,Critical,Open,Other,Android,Smart TV,NO,Other,Customer Support,,,,True,False
T000608,2026-02-06 11:28:00,Android TV loses connection Please investigate.,Live playback fails intermittently due to upstream timeout errors.,Medium,Resolved,Network,Android TV,Set-top Box,DK,Live TV,Network Operations,TIMEOUT,2026-02-06 22:48:00,INC0029,False,False
T000672,2026-04-13 09:42:00,Chromecast can't start stream,Customers cannot start VOD playback through Chomecast.,Low,Resolved,Casting,Chromecast,Casting Device,DK,VOD,OTT Playback,CAST_FAIL,2026-04-13 11:51:00,INC0026,False,False
T000374,2026-04-28 17:13:00,Samsung playback returns 403,Users on Samsung Smart TV are unable to play conent. Error 403 is observed during DRM validation. Please investigate.,Low,In Progress,DRM,Tizen,Smart TV,DK,Live TV,OTT Playback,DRM_403,,INC0013,False,False
T000982,2026-04-13 09:42:00,Unable to cast VOD,Customers cannot start VOD playback through Chromecast.,Medium,Closed,Casting,Chromecast,Casting Device,DK,VOD,OTT Playback,CAST_FAIL,2026-04-13 11:53:00,INC0026,False,True
T000843,2026-06-24 17:10:00,High buffering on VOD,Users experience repeated buffering while watching on-demand content. CDN latency is elevated.,Medium,In Progress,Metadata,Web,Browser,DK,VOD,CDN Operations,CDN_BUFFERING,,INC0034,False,False
T000234,2026-03-09 19:21:00,Black screen when starting live TV,Playback is failing on Tizen devices. Users report a black screen and DRM errors.,Medium,Resolved,DRM,Tizen,Smart TV,DK,Live TV,OTT Playback,DRM_403,2026-03-10 03:45:00,INC0040,False,False
T000786,2026-06-05 20:50:00,Login failing in Android app,The Android application does not complete login for multiple customers.,Critical,Resolved,Authentication,Android,Mobile,DK,Login,Identity,AUTH_401,2026-06-06 00:26:00,INC0021,False,False
T000677,2026-04-22 08:10:00,Missing programme information,The EPG contains empty schedule slots and has not refreshed correctly.,Medium,Closed,Metadata,All,All,NO,EPG,Content Platform,EPG_MISSING,2026-04-22 09:00:00,INC0039,False,False
T000318,2026-06-01 14:14:00,Authentication issue on mobile Please investigate.,Authentication requests from Android are rejected with 401 responses.,Medium,Resolved,Authentication,Android,Mobile,DK,Login,Identity,AUTH_401,2026-06-01 17:59:00,INC0004,False,False
T000649,2026-05-24 08:15:00,DRM error on Samsung devices,Severa customers cannot start streaming on Samsung Smart TVs. DRM authorization returns error 403.,Medium,Closed,DRM,Tizen,Smart TV,DK,Live TV,OTT Playback,DRM_403,2026-05-24 18:06:00,INC0006,False,False
T000411,2026-01-02 09:39:00,TV guid has empty slots,Customers cannot see programme titles for multiple live channels.,High,In Progress,Metadata,All,All,NO,EPG,Content Platform,EPG_MISSING,,INC0008,False,False
T000899,2026-04-24 12:46:00,Profile avatar not saved Please investigate.,A user cannot save a new profile avatar.,Medium,Resolved,Other,Tizen,Smart TV,DK,Other,Customer Support,,,,True,False
T000710,2026-02-06 10:21:00,Android TV loses connection,Android TV set-top boxes report connection timeouts while starting live channels.,Critical,Closed,Network,Android TV,Set-top Box,DK,Live TV,Network Operations,TIMEOUT,2026-02-06 12:50:00,INC0029,False,False
T000359,2026-01-24 09:09:00,Black screen when starting live TV,Several customers cannot start playback on Samsung Smart TVs. DRM authorization returns error 403.,Medium,Resolved,DRM,Tizen,Smart TV,DK,Live TV,OTT Playback,DRM_403,2026-01-24 20:17:00,INC0005,False,False
T000259,2026-03-09 19:43:00,DRM error on Samsung devices,Playback is failing on Tizen devices. Users report a black screen and DRM errors.,Medium,Resolved,DRM,Tizen,Smart TV,DK,Live TV,OTT Playback,DRM_403,2026-03-09 22:52:00,INC0040,False,False
T000745,2026-05-10 04:42:00,Slow video delivery from CDN,VOD sessions show a significant increase in buffering for users in Denmark.,Medium,In Progress,Authorization,Web,Browser,DK,VOD,CDN Operations,CDN_BUFFERING,,INC0041,False,False
T000628,2026-02-26 14:59:00,Customers see not subscribed message,Customers with an active subscription are denied access to entitled content.,High,Open,Authorization,All,All,DK,Subscription,Entitlements,ENTITLEMENT_DENIED,,INC0007,False,False
T000633,2026-05-24 06:51:00,DRM issue on Samsung devices,Users on Samsung Smart TV are unable to play content. Error 403 is observed during DRM validation.,Medium,Open,DRM,Tizen,Smart TV,DK,Live TV,OTT Playback,DRM_403,,INC0006,False,False
T000283,2026-01-12 23:36:00,Login failing in Android app,Login attempts fail on Android mobile devices after entering valid credentials.,Medium,Closed,Authentication,Android,Mobile,DK,Login,Identity,AUTH_401,2026-01-13 07:18:00,INC0016,False,False
T000377,2026-05-19 19:25:00,VOD playback buffering in Denmark,VOD sessions show a significant increase in buffering for customers in Denmark.,Medium,In Progress,CDN,Web,Browser,DK,VOD,CDN Operations,CDN_BUFFERING,,INC0044,False,False
T000385,2026-01-25 14:21:00,Subscribed users cannot access content,Entitlement validation incorrectly reports that users do not have a subscription.,High,Closed,Authorization,All,All,DK,Subscription,Entitlements,ENTITLEMENT_DENIED,2026-01-26 00:07:00,INC0011,False,False
T000225,2026-05-30 13:47:00,Subscribed users cannot access content,Entitlement validation incorrectly reports that users do not have a subscription. Please investigate.,Critical,Open,Authorization,All,All,DK,Subscription,Entitlements,ENTITLEMENT_DENIED,,INC0031,False,False
T000954,2026-04-09 13:11:00,Android users cannot log in,Customers using the Android app are unable to sign in and receive HTTP 401.,Medium,Resolved,Authentication,Android,Mobile,DK,Login,Identity,AUTH_401,2026-04-09 19:15:00,INC0035,False,True
T000815,2026-01-12 22:54:00,401 when signing in on Android,Login attempts fail on Android mobile devices after entering valid credentials.,High,Resolved,Authentication,Android,Mobile,DK,Login,Identity,AUTH_401,2026-01-13 01:57:00,INC0016,False,False
T000473,2026-03-03 03:03:00,EPG data missing,Programme guide data is missing for several channels in Norway.,Low,In Progress,Metadata,All,All,NO,EPG,Content Platform,EPG_MISSING,,INC0047,False,False
T000348,2026-05-24 17:40:00,Black screen on Apple TV,Customers report player startup failures on Apple TV devices.,High,Resolved,Playback,tvOS,Apple TV,SE,Live TV,OTT Playback,PLAYER_START,2026-05-25 01:46:00,INC0030,False,False
T000506,2026-06-13 19:59:00,TV guide has empty slots,The EPG contains empty schedule slots and has not refreshed correctly.,High,Resolved,Metadata,All,All,NO,EPG,Content Platform,EPG_MISSING,2026-06-13 22:12:00,INC0042,False,False
T000640,2026-03-09 17:15:00,DRM error on Samsung devices,Several customers cannot start playback on Samsung Smart TVs. DRM authorization returns error 403.,Medium,Resolved,DRM,Tizen,Smart TV,DK,Live TV,OTT Playback,DRM_403,2026-03-10 03:56:00,INC0040,False,False
T000988,2026-02-09 14:03:00,Black screen on Apple TV,Customers report player startup failures on Apple TV devices.,High,Resolved,Playback,tvOS,Apple TV,SE,Live TV,OTT Playback,PLAYER_START,2026-02-09 16:45:00,INC0043,False,True
T000929,2026-05-19 17:20:00,Profile avatar not saved,A user cannot save a new profile avatar.,Medium,Resolved,Other,Android,Smart TV,SE,Other,Customer Support,,,,True,False
T000906,2026-03-27 11:41:00,Subtitle preference reset,Subtitle language preference resets after application restart.,Critical,In Progress,Other,iOS,Smart TV,NO,Other,Customer Support,,,,True,False
T000620,2026-06-05 21:37:00,401 when igning in on Android,Login attempts fail on Android mobile devices after entering valid credentials. Please investigate.,Medium,Resolved,Authentication,Android,Mobile,DK,Login,Identity,AUTH_401,2026-06-06 08:15:00,INC0021,False,False
T000856,2026-05-19 07:25:00,Volume mismatch,Volume level changes between two specific channels.,Medium,Closed,Other,Tizen,Mobile,SE,Other,Customer Support,,,,True,False
T000804,2026-06-24 03:05:00,Android users cannot log in,Login attempts fail on Android mobile devices after entering valid credentials.,Low,Closed,Authentication,Android,Mobile,DK,Login,Identity,AUTH_401,2026-06-24 05:52:00,INC0003,False,False
T000646,2026-06-13 20:31:00,EPG data missing,Customers cannot see programme titles for multiple live channels.,High,Closed,Metadata,All,All,NO,EPG,Content Platform,EPG_MISSING,2026-06-13 22:55:00,INC0042,False,False
T000847,2026-04-08 12:04:00,401 when signing in on Android,The Android application does not complete login for multiple customers.,Critical,Closed,Authentication,Android,Mobile,DK,Login,Identity,AUTH_401,2026-04-08 15:38:00,INC0018,False,False
T000557,2026-06-24 16:44:00,VOD playback buffering in Denmark,Video delivery is slow and startup time has increased for browser clients.,High,In Progress,CDN,Web,Browser,DK,VOD,CDN Operations,CDN_BUFFERING,,INC0034,False,False
T000958,2026-03-03 04:14:00,EPG data missing,The EPG contains empty schedule slots and has not refreshed correctly.,Critical,In Progress,Metadata,All,All,NO,EPG,Content Platform,EPG_MISSING,,INC0047,False,True
T000578,2026-05-24 09:00:00,Samsung streaing returns 403,Users on Samsung Smart TV are unable to play content. Error 403 is observed during DRM validation.,Medium,Closed,DRM,Tizen,Smart TV,DK,Live TV,OTT Playback,DRM_403,2026-05-24 18:06:00,INC0006,False,False
T000796,2026-02-27 06:29:00,Black screen on Apple TV,tvOS clients are unable to initialize playback for live content.,Medium,In Progress,Playback,tvOS,Apple TV,SE,Live TV,OTT Playback,PLAYER_START,,INC0002,False,False
T000086,2026-05-26 22:33:00,Live TV fails on tvOS,Customers report player startup failures on Apple TV devices.,Medium,Resolved,Playback,tvOS,Apple TV,SE,Live TV,OTT Playback,PLAYER_START,2026-05-27 05:38:00,INC0027,False,False
T000243,2026-05-21 08:21:00,Stream timout on set-top boxes,Android TV set-top boxes report connection timeouts while starting live channels.,High,In Progress,Network,Android TV,Set-top Box,DK,Live TV,Network Operations,TIMEOUT,,INC0050,False,False
T000699,2026-04-22 06:23:00,Missing programme information,The EPG contains empty schedule slots and has not refreshed correctly. Please investigate.,High,Resolved,Playback,All,All,NO,EPG,Content Platform,EPG_MISSING,2026-04-22 12:03:00,INC0039,False,False
T000160,2026-01-23 03:03:00,Authenticatio error on mobile,Customers using the Android app are unable to sign in and receive HTTP 401.,High,Resolved,Authentication,Android,Mobile,DK,Login,Identity,AUTH_401,2026-01-23 14:32:00,INC0048,False,False
T000525,2026-01-02 08:00:00,EPG data missing,The EPG contains empty schedule slots and has not refreshed correctly.,Low,In Progress,Metadata,All,All,NO,EPG,Content Platform,EPG_MISSING,,INC0008,False,False
T000036,2026-06-25 01:48:00,Black screen when starting live TV,Playback is failing on Tizen devices. Users report a black screen and DRM errors.,High,In Progress,DRM,Tizen,Smart TV,DK,Live TV,OTT Playback,DRM_403,,INC0037,False,False
T000541,2026-06-17 16:29:00,Black screen on Apple TV,Live channels do not start on Apple TV. The player remains on a black screen.,High,Resolved,Playback,tvOS,Apple TV,SE,Live TV,OTT Playback,PLAYER_START,2026-06-17 21:58:00,INC0028,False,False
T000171,2026-02-09 15:32:00,Live TV fails on tvOS Please investigate.,tvOS clients are unable to initialize playback for live content.,Medium,In Progress,Playback,tvOS,Apple TV,SE,Live TV,OTT Playback,PLAYER_START,,INC0043,False,False
T000655,2026-05-10 05:08:00,High buffering on VOD,Video delivery is slow and startup time has increased for browser clients.,Medium,In Progress,CDN,Web,Browser,DK,VOD,CDN Operations,CDN_BUFFERING,,INC0041,False,False
T000891,2026-01-21 13:21:00,Profile avatar not saved,A user cannot save a new profile avatar.,Medium,Open,Other,Android,Mobile,DK,Other,Customer Support,,,,True,False
T000858,2026-06-14 09:13:00,Profile avatar not saved,A user cannot save a new profile avatar.,High,Closed,Other,Web,Browser,DK,Other,Customer Support,,,,True,False
T000848,2026-06-04 11:08:00,Cast session disconnects,The mobile app connects to Chromecast but playback fails to initialize.,Medium,In Progress,Casting,Chromecast,Casting Device,DK,VOD,OTT Playback,CAST_FAIL,,INC0012,False,False
T000945,2026-03-13 14:15:00,Search spelling result,Search gives an unexpected result for one misspelled title. Please investigate.,Medium,Open,Other,iOS,Mobile,NO,Other,Customer Support,,,,True,False
T000734,2026-06-24 13:58:00,VOD playback buffering in Denmark,A high buffering ratio is observed across VOD sessions served by the primary CDN.,High,Closed,CDN,Web,Browser,DK,VOD,CDN Operations,CDN_BUFFERING,2026-06-25 00:37:00,INC0034,False,False
T000096,2026-05-17 04:27:00,Authentication error on mobile,Users using the Android app are unable to sign in and receive HTTP 401.,Medium,In Progress,Authentication,Android,Mobile,DK,Login,Identity,AUTH_401,,INC0049,False,False
T000564,2026-06-24 23:59:00,Black sceen when starting live TV,Live TV does not start on Samsung televisions. The client reports DRM authorization failure.,Medium,In Progress,DRM,Tizen,Smart TV,DK,Live TV,OTT Playback,DRM_403,,INC0037,False,False
T000241,2026-02-26 17:14:00,Entitlement check failing,Valid subscribers receive an uthorization denied response.,Critical,Resolved,Authorization,All,All,DK,Subscription,Entitlements,ENTITLEMENT_DENIED,2026-02-27 05:05:00,INC0007,False,False
T000743,2026-04-28 17:52:00,Samsung streaming returns 403,Users on Samsung Smart TV are unable to play content. Error 403 is observed during DRM validation.,High,In Progress,DRM,Tizen,Smart TV,DK,Live TV,OTT Playback,DRM_403,,INC0013,False,False
T000575,2026-06-24 16:33:00,Customers report repeated buffering,Users experience repeated buffering while watching on-demand content. CDN latency is elevated.,Medium,Open,CDN,Web,Browser,DK,VOD,CDN Operations,CDN_BUFFERING,,INC0034,False,False
T000691,2026-05-17 07:56:00,Authentication error on mobile,Authentication requests from Android are rejected with 401 responses.,Critical,Closed,Authentication,Android,Mobile,DK,Login,Identity,AUTH_401,2026-05-17 14:00:00,INC0049,False,False
T000461,2026-02-05 17:30:00,Black screen on Apple TV,Playback requests on tvOS are accepted but video never starts.,Medium,Resolved,Playback,tvOS,Apple TV,SE,Live TV,OTT Playback,PLAYER_START,2026-02-05 18:52:00,INC0032,False,False
T000554,2026-01-08 01:34:00,Authentication error on mobile,Authentication requests from Android are rejected with 401 responses.,Medium,Resolved,Casting,Android,Mobile,DK,Login,Identity,AUTH_401,2026-01-08 09:45:00,INC0001,False,False
T000889,2026-05-22 15:23:00,Profile avatar not saved,A user cannot save a new profile avatar.,Medium,Open,Other,iOS,Mobile,NO,Other,Customer Support,,,,True,False
T000207,2026-02-27 06:13:00,Black screen on Apple TV,tvOS clients are unable to initialize playback for live content.,Medium,Resolved,Playback,tvOS,Apple TV,SE,Live TV,OTT Playback,PLAYER_START,2026-02-27 11:43:00,INC0002,False,False
T000393,2026-01-25 13:04:00,Users see not subscribed message,Valid subscribers receive an authorization denied response.,Medium,Resolved,Authorization,All,All,DK,Subscription,Entitlements,ENTITLEMENT_DENIED,2026-01-25 15:18:00,INC0011,False,False
T000795,2026-04-28 20:19:00,Samsung playback returns 403,Playback is failing on Tizen devices. Users repot a black screen and DRM errors.,High,Resolved,DRM,Tizen,Smart TV,DK,Live TV,OTT Playback,DRM_403,2026-04-28 21:53:00,INC0013,False,False
T000398,2026-06-13 19:38:00,Missing programme information,The EPG contains empty schedule slots and has not refreshed correctly.,Medium,Resolved,Metadata,All,All,NO,EPG,Content Platform,EPG_MISSING,2026-06-14 01:00:00,INC0042,False,False
T000767,2026-04-09 14:18:00,401 when signing in on Android,Login attempts fail on Android mobile devices after entering valid credentials.,Medium,Closed,Authentication,Android,Mobile,DK,Login,Identity,AUTH_401,2026-04-09 18:28:00,INC0035,False,False
T000849,2026-04-28 17:29:00,DRM error on Samsung devices,Playback is failing on Tizen devices. Users report a black screen and DRM errors.,Medium,Closed,DRM,Tizen,Smart TV,DK,Live TV,OTT Playback,DRM_403,2026-04-29 03:17:00,INC0013,False,False
T000218,2026-03-28 03:40:00,Black screen on Apple TV,Playback requests on tvOS are accepted but video never starts. Please investigate.,Medium,Resolved,Playback,tvOS,Apple TV,SE,Live TV,OTT Playback,PLAYER_START,2026-03-28 07:25:00,INC0010,False,False
T000005,2026-01-12 21:56:00,Login failing in Android app,Customers using the Android app are unable to sign in and receive HTTP 401.,Medium,Resolved,Authentication,Android,Mobile,DK,Login,Identity,AUTH_401,2026-01-13 05:12:00,INC0016,False,False
T000769,2026-03-09 17:51:00,Samsung playback returns 403 Please investigate.,Users on Samsung Smart TV are unable to play content. Error 403 is observed during DRM validation.,Medium,Resolved,DRM,Tizen,Smart TV,DK,Live TV,OTT Playback,DRM_403,2026-03-09 21:01:00,INC0040,False,False
T000643,2026-01-24 08:40:00,Samsung playback returns 403 Please investigate.,Users on Samsung Smart TV are unable to play content. Error 403 is observed during DRM validation.,Medium,Resolved,DRM,Tizen,Smart TV,DK,Live TV,OTT Playback,DRM_403,2026-01-24 20:01:00,INC0005,False,False
T000930,2026-03-04 12:30:00,Profile avatar not saved,A user can't save a new profile avatar.,Critical,Closed,Other,Web,Browser,DK,Other,Customer Support,,,,True,False
T000613,2026-02-11 16:08:00,Live TV fails on tvOS,Live channels do not start on Apple TV. The player remains on a black screen. Please investigate.,Critical,In Progress,Playback,tvOS,Apple TV,SE,Live TV,OTT Playback,PLAYER_START,,INC0022,False,False
T000739,2026-05-19 20:35:00,VOD playback buffering in Denmark,VOD sessions show a significant increase in buffering for customers in Denmark.,Low,Closed,CDN,Web,Browser,DK,VOD,CDN Operations,CDN_BUFFERING,2026-05-20 02:19:00,INC0044,False,False
T000547,2026-06-24 14:49:00,Customers report repeated buffering Please investigate.,Video delivery is slow and startup time has increased for browser clients.,High,Resolved,CDN,Web,Browser,DK,VOD,CDN Operations,CDN_BUFFERING,2026-06-24 19:23:00,INC0034,False,False
T000726,2026-02-05 18:50:00,Live TV fails on tvOS,Live channels do not start on Apple TV. The player remains on a black screen. Please investigate.,Low,Resolved,Playback,tvOS,Apple TV,SE,Live TV,OTT Playback,PLAYER_START,2026-02-06 03:41:00,INC0032,False,False
T000684,2026-05-28 06:50:00,Unable to cast VOD,Customers cannot start VOD plyback through Chromecast.,Medium,Open,Casting,Chromecast,Casting Device,DK,VOD,OTT Playback,CAST_FAIL,,INC0015,False,False
T000099,2026-05-16 11:01:00,Stream timeout on set-top boxes,Timeout errors are increasing for Android TV live sessions.,High,Resolved,Casting,Android TV,Set-top Box,DK,Live TV,Network Operations,TIMEOUT,2026-05-16 17:38:00,INC0036,False,False
T000805,2026-05-24 19:02:00,Apple TV streaming does not start,Customers report player startup failures on Apple TV devices.,Medium,Resolved,Playback,tvOS,Apple TV,SE,Live TV,OTT Playback,PLAYER_START,2026-05-25 04:31:00,INC0030,False,False
T000728,2026-05-19 18:07:00,Slow video delivery from CDN,Users experience repeated buffering while watching on-demand content. CDN latency is elevated.,Medium,Resolved,CDN,Web,Browser,DK,VOD,CDN Operations,CDN_BUFFERING,2026-05-20 03:22:00,INC0044,False,False
T000574,2026-05-19 19:51:00,Users report repeated buffering,A high buffering ratio is observed across VOD sessions served by the primary CDN.,Critical,Resolved,CDN,Web,Browser,DK,VOD,CDN Operations,CDN_BUFFERING,2026-05-20 05:16:00,INC0044,False,False
T000407,2026-04-22 08:41:00,Missing programme information,Customers cannot see programme titles for multiple live channels.,Medium,Resolved,Metadata,All,All,NO,EPG,Content Platform,EPG_MISSING,2026-04-22 11:52:00,INC0039,False,False
T000503,2026-06-25 00:32:00,Black screen when starting live TV,Users on Samsung Smart TV are unable to play content. Error 403 is observed during DRM validation.,Medium,In Progress,DRM,Tizen,Smart TV,DK,Live TV,OTT Playback,DRM_403,,INC0037,False,False
T000048,2026-02-26 16:51:00,Entitlement check failing,Content access is blocked even though the subscription is active.,Low,Open,Authorization,All,All,DK,Subscription,Entitlements,ENTITLEMENT_DENIED,,INC0007,False,False
T000033,2026-05-30 14:44:00,Subscription authorization denied,Entitlement validation incorrectly reports that users do not have a subscription.,High,Resolved,Authorization,All,All,DK,Subscription,Entitlements,ENTITLEMENT_DENIED,2026-05-31 00:07:00,INC0031,False,False
T000780,2026-06-01 14:56:00,Login failing in Android app,Login attempts fail on Android mobile devices after entering valid credentials. Please investigate.,High,Resolved,Authentication,Android,Mobile,DK,Login,Identity,AUTH_401,2026-06-02 00:56:00,INC0004,False,False
T000840,2026-05-16 12:07:00,Live TV timeut on Android TV,Live playback fails intermittently due to upstream timeout errors.,Critical,Resolved,DRM,Android TV,Set-top Box,DK,Live TV,Network Operations,TIMEOUT,2026-05-16 19:05:00,INC0036,False,False
T000201,2026-04-09 14:17:00,401 when signing in on Android,The Android application does not complete login for multiple customers. Please investigate.,High,Resolved,Authentication,Android,Mobile,DK,Login,Identity,AUTH_401,2026-04-09 17:46:00,INC0035,False,False
T000135,2026-06-25 02:40:00,Black screen when starting live TV,Users on Samsung Smart TV are unable to play content. Error 403 is observed during DRM validation.,Medium,Resolved,DRM,Tizen,Smart TV,DK,Live TV,OTT Playback,DRM_403,2026-06-25 07:11:00,INC0037,False,False
T000028,2026-01-25 13:13:00,Subscription authorization denied,Entitlement validation incorrectly reports that users do not have a subscription.,Medium,Resolved,Authorization,All,All,DK,Subscription,Entitlements,ENTITLEMENT_DENIED,2026-01-25 15:23:00,INC0011,False,False
T000881,2026-04-17 15:00:00,Subtitle preference reset,Subtitle language preference resets after application restart.,Medium,Resolved,Other,iOS,Smart TV,SE,Other,Customer Support,,,,True,False
T000231,2026-05-16 12:23:00,Stream timeout on set-top boxes,Live streaming fails intermittently due to upstream timeout errors.,Medium,Open,Network,Android TV,Set-top Box,DK,Live TV,Network Operations,TIMEOUT,,INC0036,False,False
T000490,2026-01-29 14:01:00,Playback fails on Samsung TV,Users on Samsung Smart TV are unable to play content. Error 403 is observed during DRM validation.,Medium,Resolved,DRM,Tizen,Smart TV,DK,Live TV,OTT Playback,DRM_403,2026-01-29 21:03:00,INC0046,False,False
T000773,2026-02-06 09:57:00,Android TV loses connection,Live playback fails intermittently due to upstream timeout errors.,Medium,In Progress,Network,Android TV,Set-top Box,DK,Live TV,Network Operations,TIMEOUT,,INC0029,False,False
T000379,2026-05-30 15:20:00,Subscription authorization denied,Customers with an active subscription are denied access to entitled content.,High,In Progress,Authorization,All,All,DK,Subscription,Entitlements,ENTITLEMENT_DENIED,,INC0031,False,False
T000289,2026-02-28 03:10:00,Black screen when starting live TV,Playback is failing on Tizen devices. Users report a black screen and DRM issues.,Medium,In Progress,DRM,Tizen,Smart TV,DK,Live TV,OTT Playback,DRM_403,,INC0025,False,False
T000419,2026-06-21 11:23:00,Apple TV playback does not start,Playback requests on tvOS are accepted but video never starts.,High,Open,Playback,tvOS,Apple TV,SE,Live TV,OTT Playback,PLAYER_START,,INC0020,False,False
T000675,2026-01-13 06:27:00,Login failing in Android app,The Android application does not complete login for multiple users.,Medium,Resolved,Authentication,Android,Mobile,DK,Login,Identity,AUTH_401,2026-01-13 18:01:00,INC0033,False,False
T000392,2026-01-02 07:44:00,Missing programme information,Programme guide data is missing for several channels in Norway.,Critical,Resolved,Metadata,All,All,NO,EPG,Content Platform,EPG_MISSING,2026-01-02 17:08:00,INC0008,False,False
T000593,2026-06-13 23:31:00,EPG data missing,Programme guide data is missing for several channels in Norway.,High,In Progress,Metadata,All,All,NO,EPG,Content Platform,EPG_MISSING,,INC0023,False,False
T000499,2026-04-22 08:50:00,EPG not updating,Programme guide data is missing for several channels in Norway.,Medium,Resolved,Metadata,All,All,NO,EPG,Content Platform,EPG_MISSING,2026-04-22 20:25:00,INC0039,False,False
T000139,2026-05-24 09:32:00,Playback fails on Samsung TV,Several customers cannot start playback on Samsung Smart TVs. DRM authorization returns error 403.,Medium,Resolved,DRM,Tizen,Smart TV,DK,Live TV,OTT Playback,DRM_403,2026-05-24 20:57:00,INC0006,False,False
T000063,2026-06-25 13:04:00,Live TV fails o tvOS,Playback requests on tvOS are acceped but video never starts.,Medium,In Progress,Playback,tvOS,Apple TV,SE,Live TV,OTT Playback,PLAYER_START,,INC0024,False,False
T000472,2026-06-24 02:14:00,Login failing in Android app,Authentication requests from Android are rejected with 401 responses.,Medium,Resolved,Metadata,Android,Mobile,DK,Login,Identity,AUTH_401,2026-06-24 08:16:00,INC0003,False,False
T000648,2026-06-14 13:54:00,EPG data missing,TV guide metadata appears stale or missing across supported devices.,Medium,Resolved,Metadata,All,All,NO,EPG,Content Platform,EPG_MISSING,2026-06-14 21:17:00,INC0038,False,False
T000129,2026-03-28 05:54:00,Player startup failure Apple TV,tvOS clients are unable to initialize playback for live content.,Critical,In Progress,Playback,tvOS,Apple TV,SE,Live TV,OTT Playback,PLAYER_START,,INC0010,False,False
T000977,2026-03-09 17:04:00,DRM error on Samsung devices,Playback is failing on Tizen devices. Users report a black screen and DRM errors.,Medium,Closed,DRM,Tizen,Smart TV,DK,Live TV,OTT Playback,DRM_403,2026-03-09 17:57:00,INC0040,False,True
T000521,2026-01-12 21:59:00,401 when signing in on Android,Customers using the Android app are unable to sign in and receive HTTP 401.,Medium,Resolved,Authentication,Android,Mobile,DK,Login,Identity,AUTH_401,2026-01-13 08:51:00,INC0016,False,False
T000839,2026-01-02 09:10:00,EPG data missing,Programme guide data is missing for several channels in Norway.,Critical,Closed,Metadata,All,All,NO,EPG,Content Platform,EPG_MISSING,2026-01-02 14:49:00,INC0008,False,False
T000963,2026-06-24 02:26:00,Login failing in Android app,Authentication requests from Android are rejected with 401 responses.,Medium,Resolved,Metadata,Android,Mobile,DK,Login,Identity,AUTH_401,2026-06-24 08:16:00,INC0003,False,True
T000065,2026-01-02 09:22:00,TV guide has empty slots,TV guide metadata appears stale or missing across supported devices.,Medium,Resolved,Metadata,All,All,NO,EPG,Content Platform,EPG_MISSING,2026-01-02 20:52:00,INC0008,False,False
T000813,2026-05-17 07:11:00,401 when signing in on Android,The Android application does not complete login for multiple customers.,Medium,Resolved,Authentication,Android,Mobile,DK,Login,Identity,AUTH_401,2026-05-17 10:06:00,INC0049,False,False
T000015,2026-05-19 20:33:00,High buffering on VOD,Video delivery is slow and startup time has increased for browser clients.,High,Resolved,CDN,Web,Browser,DK,VOD,CDN Operations,CDN_BUFFERING,2026-05-20 06:02:00,INC0044,False,False
T000157,2026-02-05 19:13:00,Live TV fails on tvOS,Customers report player startup failures on Apple TV devices.,Medium,Resolved,Playback,tvOS,Apple TV,SE,Live TV,OTT Playback,PLAYER_START,2026-02-06 04:43:00,INC0032,False,False
T000041,2026-04-08 09:15:00,401 when signing in on Android,Authentication requests from Android are rejected with 401 responses.,Medium,Resolved,Authentication,Android,Mobile,DK,Login,Identity,AUTH_401,2026-04-08 19:34:00,INC0018,False,False
T000493,2026-04-28 19:55:00,DRM error on Samsung devices,Playback is failing on Tizen devices. Users report a black screen and DRM errors.,Low,Resolved,DRM,Tizen,Smart TV,DK,Live TV,OTT Playback,DRM_403,2026-04-29 05:54:00,INC0013,False,False
T000380,2026-05-26 22:21:00,Apple TV playback does not start,tvOS clients are unable to initialize playback for live content.,High,In Progress,Authentication,tvOS,Apple TV,SE,Live TV,OTT Playback,PLAYER_START,,INC0027,False,False
T000188,2026-05-26 23:11:00,Live TV fails on tvOS,Playback requests on tvOS are accepted but video never starts.,Critical,Closed,Playback,tvOS,Apple TV,SE,Live TV,OTT Playback,PLAYER_START,2026-05-27 10:29:00,INC0027,False,False
T000764,2026-05-16 10:03:00,Android TV loses connection,Android TV set-top boxes report connection timeouts while starting live channels.,,In Progress,Network,Android TV,Set-top Box,DK,Live TV,Network Operations,TIMEOUT,,INC0036,False,False
T000217,2026-06-25 11:59:00,Apple TV playback does not start,Live channels do not start on Apple TV. The player remains on a black screen.,Medium,In Progress,Playback,tvOS,Apple TV,SE,Live TV,OTT Playback,PLAYER_START,,INC0024,False,False
T000792,2026-05-21 08:33:00,Android TV loses connection,Live streaming fails intermittently due to upstream timeout errors.,Critical,Closed,Network,Android TV,Set-top Box,DK,Live TV,Network Operations,TIMEOUT,2026-05-21 10:02:00,INC0050,False,False
T000053,2026-06-03 11:46:00,Samsung playback returns 403,Several customers cannot start playback on Samsung Smart TVs. DRM authorization returns error 403.,High,Closed,DRM,Tizen,Smart TV,DK,Live TV,OTT Playback,DRM_403,2026-06-03 12:28:00,INC0045,False,False
T000879,2026-02-08 18:11:00,Subtitle preference reset,Subtitle language preference resets after application restart.,High,Resolved,Other,Android,Browser,SE,Other,Customer Support,,,,True,False
T000338,2026-01-08 02:00:00,Authentication error on mobile,Authentication requests from Android are rejected with 401 responses.,High,Resolved,Authentication,Android,Mobile,DK,Login,Identity,AUTH_401,2026-01-08 05:46:00,INC0001,False,False
T000749,2026-01-25 13:51:00,Entitlement check failing,Entitlement validation incorrectly reports that users do not have a subscription.,High,Resolved,Authorization,All,All,DK,Subscription,Entitlements,ENTITLEMENT_DENIED,2026-01-25 14:11:00,INC0011,False,False
T000720,2026-03-03 02:18:00,EPG data missing,TV guide metadata appears stale or missing across supported devices.,Medium,Open,Metadata,All,All,NO,EPG,Content Platform,EPG_MISSING,,INC0047,False,False
T000725,2026-06-25 02:21:00,Samsung playback returns 403,Several customers cannot start playback on Samsung Smart TVs. DRM authorization returns error 403.,Medium,Open,DRM,Tizen,Smart TV,DK,Live TV,OTT Playback,DRM_403,,INC0037,False,False
T000296,2026-02-28 05:23:00,DRM error on Samsung devices,Several customers cannot start playback on Samsung Smart TVs. DRM authorization returns issue 403.,Medium,In Progress,DRM,Tizen,Smart TV,DK,Live TV,OTT Playback,DRM_403,,INC0025,False,False
T000702,2026-02-06 11:29:00,Stream timeout on set-top boxes,Live playback fails intermittently due to upstream timeout errors.,Medium,In Progress,Network,Android TV,Set-top Box,DK,Live TV,Network Operations,TIMEOUT,,INC0029,False,False
T000252,2026-03-03 04:00:00,EPG data missing,Programme guide data is missing for several channels in Norway.,Medium,Closed,Metadata,All,All,NO,EPG,Content Platform,EPG_MISSING,2026-03-03 10:42:00,INC0047,False,False
T000727,2026-01-02 06:26:00,EPG data missing,TV guide metadata appears stale or missing across supported clients.,Medium,Resolved,Metadata,All,All,NO,EPG,Content Platform,EPG_MISSING,2026-01-02 10:08:00,INC0008,False,False
T000462,2026-01-25 13:07:00,Users see not subscribed message,Content access is blocked even though the subscription is active.,Critical,Resolved,Authorization,All,All,DK,Subscription,Entitlements,ENTITLEMENT_DENIED,2026-01-25 16:43:00,INC0011,False,False
T000456,2026-04-13 08:15:00,Cast session disconnects,The mobile app connects to Chromecast but playback fails to initialize.,High,Resolved,Metadata,Chromecast,Casting Device,DK,VOD,OTT Playback,CAST_FAIL,2026-04-13 10:00:00,INC0026,False,False
T000997,2026-06-04 10:07:00,Cast session disconnects,The mobile app connects to Chromecast but playback fails to initialize.,Medium,Resolved,Casting,Chromecast,Casting Device,DK,VOD,OTT Playback,CAST_FAIL,2026-06-04 12:05:00,INC0012,False,True
T000816,2026-03-28 03:57:00,Player sartup failure Apple TV,Live channels do not start on Apple TV. The player remains on a black screen.,High,In Progress,Playback,tvOS,Apple TV,SE,Live TV,OTT Playback,PLAYER_START,,INC0010,False,False
T000863,2026-06-19 04:58:00,Remote control issue,One customer reports that the remote control is not responding.,Low,Resolved,Other,Tizen,Smart TV,NO,Other,Customer Support,,,,True,False
T000270,2026-05-19 18:39:00,Customers report repeated buffering,Video delivery is slow and startup time has increased for browser clients.,High,Resolved,CDN,Web,Browser,DK,VOD,CDN Operations,CDN_BUFFERING,2026-05-19 22:27:00,INC0044,False,False
T000202,2026-06-14 02:01:00,TV guide has empty slots,TV guide metadata appears stale or missing across supported devices.,Medium,Resolved,Metadata,All,All,NO,EPG,Content Platform,EPG_MISSING,2026-06-14 11:35:00,INC0023,False,False
T000162,2026-06-25 00:15:00,Playback fails on Samsung TV,Live TV does not start on Samsung televisions. The client reports DRM authorization failure.,High,Closed,DRM,Tizen,Smart TV,DK,Live TV,OTT Playback,DRM_403,2026-06-25 09:21:00,INC0037,False,False
T000556,2026-05-21 06:01:00,Android TV loses connection,Android TV set-top boxes report connection timeouts while starting live channels.,High,Resolved,Network,Android TV,Set-top Box,DK,Live TV,Network Operations,TIMEOUT,2026-05-21 14:40:00,INC0050,False,False
T000730,2026-04-22 06:09:00,TV guide has empty slots,TV guide metadata appears stale or missing across supported devices.,Medium,Resolved,Metadata,All,All,NO,EPG,Content Platform,EPG_MISSING,2026-04-22 07:37:00,INC0039,False,False
T000402,2026-03-03 05:04:00,EPG data missing,Customers cannot see programme titles for multiple live channels.,Critical,In Progress,Metadata,All,All,NO,EPG,Content Platform,EPG_MISSING,,INC0047,False,False
T000703,2026-03-28 05:32:00,Live TV fails on tvOS Please investigate.,Live channels do not start on Apple TV. The player remains on a black screen.,Medium,Resolved,Playback,tvOS,Apple TV,SE,Live TV,OTT Playback,PLAYER_START,2026-03-28 14:18:00,INC0010,False,False
T000477,2026-06-24 14:08:00,High buffering on VOD,VOD sessions show a significant increase in buffering for customers in Denmark.,Low,Resolved,CDN,Web,Browser,DK,VOD,CDN Operations,CDN_BUFFERING,2026-06-24 18:05:00,INC0034,False,False
T000822,2026-05-21 07:06:00,Stream timeout n set-top boxes,Timeout errors are increasing for Android TV live sessions.,High,Closed,Network,Android TV,Set-top Box,DK,Live TV,Network Operations,TIMEOUT,2026-05-21 18:51:00,INC0050,False,False
T000772,2026-01-21 11:41:00,EPG data missing Please investigate.,TV guide metadata appears stale or missing across supported devices. Please investigate.,Critical,In Progress,Metadata,All,All,NO,EPG,Content Platform,EPG_MISSING,,INC0017,False,False
T000106,2026-06-14 11:37:00,EPG not updating,Customers cannot see programme titles for multiple live channels.,High,Open,Metadata,All,All,NO,EPG,Content Platform,EPG_MISSING,,INC0038,False,False
T000566,2026-03-28 04:21:00,Live TV fails on tvOS,Playback requests on tvOS are accepted but video never starts.,Medium,Closed,Playback,tvOS,Apple TV,SE,Live TV,OTT Playback,PLAYER_START,2026-03-28 08:21:00,INC0010,False,False
T000390,2026-05-19 18:31:00,Slow video delivry from CDN,VOD sessions show a significant increase in buffering for customers in Denmark.,Medium,In Progress,CDN,Web,Browser,DK,VOD,CDN Operations,CDN_BUFFERING,,INC0044,False,False
T000002,2026-01-24 07:40:00,DRM eror on Samsung devices,Several customers cannot start playack on Samsung Smart TVs. DRM authorization returns error 403.,Medium,Resolved,DRM,Tizen,Smart TV,DK,Live TV,OTT Playback,DRM_403,2026-01-24 08:21:00,INC0005,False,False
T000938,2026-03-22 11:25:00,Subtitle preference reset,Subtitle language preference resets after application restart. Please investigate.,Critical,In Progress,Other,Web,Mobile,NO,Other,Customer Support,,,,True,False
T000983,2026-04-28 20:44:00,DRM error on Samsung devices,Users on Samsung Smart TV are unable to play content. Error 403 is observed during DRM validation.,High,Closed,DRM,Tizen,Smart TV,DK,Live TV,OTT Playback,DRM_403,2026-04-28 21:39:00,INC0013,False,True
T000562,2026-02-28 03:54:00,Black screen when starting live TV Please investigate.,Playback is failing on Tizen devices. Users report a black screen and DRM errors.,High,Resolved,DRM,Tizen,Smart TV,DK,Live TV,OTT Playback,DRM_403,2026-02-28 15:14:00,INC0025,False,False
T000081,2026-02-09 14:47:00,Black scren on Apple TV,tvOS clients are unable to initialize playback for live content.,Low,Open,Playback,tvOS,Apple TV,SE,Live TV,OTT Playback,PLAYER_START,,INC0043,False,False
T000206,2026-05-30 12:32:00,Entitlement check failing,Content access is blocked even though the subscription is active.,Critical,In Progress,Authorization,All,All,DK,Subscription,Entitlements,ENTITLEMENT_DENIED,,INC0031,False,False
T000035,2026-03-29 10:52:00,Subscribed users cannot access content,Entitlement validation incorrectly reports that users do not have a subscription.,Low,In Progress,Authorization,All,All,DK,Subscription,Entitlements,ENTITLEMENT_DENIED,,INC0009,False,False
T000776,2026-02-11 15:01:00,Unable to cast VOD,Customers cannot start VOD playback through Chromecast.,Medium,In Progress,Casting,Chromecast,Casting Device,DK,VOD,OTT Playback,CAST_FAIL,,INC0019,False,False
T000509,2026-06-13 19:50:00,EPG not updating,TV guide metadata appears stale or missing across supported devices.,High,Resolved,Metadata,All,All,NO,EPG,Content Platform,EPG_MISSING,2026-06-14 04:51:00,INC0042,False,False
T000428,2026-04-09 16:05:00,401 when signing in on Android Please investigate.,Login attempts fail on Android mobile devices after entering valid credentials.,Medium,Closed,Authentication,Android,Mobile,DK,Login,Identity,AUTH_401,2026-04-10 02:54:00,INC0035,False,False
T000455,2026-06-24 02:08:00,401 when signing in on Android,Authentication requests from Android are rejected with 401 responses. Please investigate.,Medium,Resolved,Authentication,Android,Mobile,DK,Login,Identity,AUTH_401,2026-06-24 04:18:00,INC0003,False,False
T000367,2026-03-09 17:11:00,DRM error on Samsung devices,Several customers cannot start playback on Samsung Smart TVs. DRM authorization returns error 403.,High,Closed,DRM,Tizen,Smart TV,DK,Live TV,OTT Playback,DRM_403,2026-03-09 18:29:00,INC0040,False,False
T000092,2026-05-30 13:27:00,Entitlement check failing,Valid subscribers receive an authorization denied response.,High,Resolved,Authorization,All,All,DK,Subscription,Entitlements,ENTITLEMENT_DENIED,2026-05-30 14:24:00,INC0031,False,False
T000340,2026-01-22 23:45:00,Authentication error on mobile,Authentication requests from Android are rejected with 401 responses. Please investigate.,High,In Progress,Authentication,Android,Mobile,DK,Login,Identity,AUTH_401,,INC0048,False,False
T000898,2026-05-06 15:35:00,Subtitle preference reset,Subtitle laguage preference resets after application restart.,High,Open,Other,Web,Mobile,DK,Other,Customer Support,,,,True,False
T000565,2026-06-24 17:29:00,Customers report repeated buffering,Video delivery is slow and startup time has increased for browser clients.,Low,Resolved,CDN,Web,Browser,DK,VOD,CDN Operations,CDN_BUFFERING,2026-06-24 22:49:00,INC0034,False,False
T000346,2026-01-25 12:12:00,Subsciption authorization denied,Customers with an active subscription are denied access to entitled content.,High,Resolved,Authorization,All,All,DK,Subscription,Entitlements,ENTITLEMENT_DENIED,2026-01-25 17:50:00,INC0011,False,False
T000777,2026-06-14 01:19:00,Missing programme information,The EPG contains empty schedule slots and has not refreshed correctly.,High,Resolved,Metadata,All,All,NO,EPG,Content Platform,EPG_MISSING,2026-06-14 04:18:00,INC0023,False,False
T000242,2026-05-16 08:48:00,Stream timeout on set-top boxes,Live playback fails intermittently due to upstream timeout errors.,Medium,Resolved,Network,Android TV,Set-top Box,DK,Live TV,Network Operations,TIMEOUT,2026-05-16 09:21:00,INC0036,False,False
T000014,2026-06-24 03:36:00,401 when signing in on Android,Customers using the Android app are unable to sign in and receive HTTP 401.,Medium,In Progress,Metadata,Android,Mobile,DK,Login,Identity,AUTH_401,,INC0003,False,False
T000316,2026-04-28 20:02:00,Playback fails on Samsung TV,Playback is failing on Tizen devices. Users report a black screen and DRM errors. Please investigate.,Medium,In Progress,DRM,Tizen,Smart TV,DK,Live TV,OTT Playback,DRM_403,,INC0013,False,False
T000601,2026-03-28 06:53:00,Player startup failure Apple TV,Customers report player startup failures on Apple TV devices.,High,Resolved,DRM,tvOS,Apple TV,SE,Live TV,OTT Playback,PLAYER_START,2026-03-28 18:36:00,INC0010,False,False
T000388,2026-06-25 02:18:00,Samsung playback returns 403,Playback is failing on Tizen devices. Users report a black screen and DRM errors.,High,Open,DRM,Tizen,Smart TV,DK,Live TV,OTT Playback,DRM_403,,INC0037,False,False
T000274,2026-04-08 11:48:00,401 when signing in on Android Please investigate.,Customers using the Android app are unable to sign in and receive HTTP 401.,High,Resolved,Authentication,Android,Mobile,DK,Login,Identity,AUTH_401,2026-04-08 18:57:00,INC0018,False,False
T000167,2026-06-01 14:43:00,Login failing in Android app,Login attempts fail on Android mobile devices after entering valid credentials.,Low,Resolved,Authentication,Android,Mobile,DK,Login,Identity,AUTH_401,2026-06-02 01:43:00,INC0004,False,False
T000841,2026-02-09 14:49:00,Apple TV playback does not start,Playback requests on tvOS are accepted but video never starts.,High,Open,Playback,tvOS,Apple TV,SE,Live TV,OTT Playback,PLAYER_START,,INC0043,False,False
T000993,2026-04-13 08:44:00,Unable to cast VOD,The mobile app connects to Chromecast but playback fails to initialize.,Medium,In Progress,Casting,Chromecast,Casting Device,DK,VOD,OTT Playback,CAST_FAIL,,INC0026,False,True
T000647,2026-04-09 12:39:00,Android users cn't log in,The Android application does not complete login for multiple customers.,Medium,In Progress,Authentication,Android,Mobile,DK,Login,Identity,AUTH_401,,INC0035,False,False
T000819,2026-01-21 10:38:00,Missing programme information,TV guide metadata appears stale or missing across supported devices.,Critical,Resolved,Metadata,All,All,NO,EPG,Content Platform,EPG_MISSING,2026-01-21 19:38:00,INC0017,False,False
T000485,2026-01-02 06:52:00,EPG not updating,Programme guide data is missing for several channels in Norway.,High,Resolved,Metadata,All,All,NO,EPG,Content Platform,EPG_MISSING,2026-01-02 08:14:00,INC0008,False,False
T000981,2026-03-09 19:08:00,DRM error on Samsung devices,Several users cannot start playback on Samsung Smart TVs. DRM authorization returns error 403.,,Resolved,DRM,Tizen,Smart TV,DK,Live TV,OTT Playback,DRM_403,2026-03-09 22:46:00,INC0040,False,True
T000505,2026-06-25 11:04:00,Player startup failure Apple TV,tvOS clients are unable to initialize playback for live content.,High,In Progress,Playback,tvOS,Apple TV,SE,Live TV,OTT Playback,PLAYER_START,,INC0024,False,False
T000832,2026-01-29 12:33:00,Playback fails on Samsung TV,Several customers cannot start playback on Samsung Smart TVs. DRM authorization returns error 403.,Critical,Resolved,DRM,Tizen,Smart TV,DK,Live TV,OTT Playback,DRM_403,2026-01-29 13:58:00,INC0046,False,False
T000244,2026-02-11 16:23:00,Player startup failure Apple TV,Customers report player startup failures on Apple TV devices.,Medium,Open,Playback,tvOS,Apple TV,SE,Live TV,OTT Playback,PLAYER_START,,INC0022,False,False
T000567,2026-05-19 18:46:00,High buffering on VOD,Users experience repeated buffering while watching on-demand content. CDN latency is elevated.,Medium,Resolved,CDN,Web,Browser,DK,VOD,CDN Operations,CDN_BUFFERING,2026-05-19 21:32:00,INC0044,False,False
T000876,2026-03-23 18:49:00,Remote control issue,One customer reports hat the remote control is not responding.,Medium,Resolved,Other,Tizen,Mobile,SE,Other,Customer Support,,,,True,False
T000563,2026-01-24 08:26:00,Playback fails on Samsung TV,Several customers cannot start playback on Samsung Smart TVs. DRM authorization returns error 403. Please investigate.,Medium,Resolved,DRM,Tizen,Smart TV,DK,Live TV,OTT Playback,DRM_403,2026-01-24 18:44:00,INC0005,False,False
T000687,2026-02-09 12:07:00,Live TV fails on tvOS,tvOS clients are unable to initialize playback for live content.,High,In Progress,Playback,tvOS,Apple TV,SE,Live TV,OTT Playback,PLAYER_START,,INC0043,False,False
T000190,2026-04-08 10:45:00,Login failing in Android app,Login attempts fail on Android mobile devices after entering valid credentials.,High,Resolved,Authentication,Android,Mobile,DK,Login,Identity,AUTH_401,2026-04-08 12:02:00,INC0018,False,False
T000783,2026-05-10 06:32:00,Slow video delivery from CDN,Users experience repeated buffering while watching on-demand content. CDN latency is elevated.,High,Closed,CDN,Web,Browser,DK,VOD,CDN Operations,CDN_BUFFERING,2026-05-10 14:39:00,INC0041,False,False
T000700,2026-05-10 06:15:00,High buffering on VOD Please investigate.,A high buffering ratio is observed across VOD sessions served by the primary CDN.,High,Resolved,CDN,Web,Browser,DK,VOD,CDN Operations,CDN_BUFFERING,2026-05-10 13:43:00,INC0041,False,False
T000476,2026-04-13 11:47:00,Chromecast cannot start stream,Chromecast sessions terminate unexpectedly during stream startup.,Medium,Resolved,Casting,Chromecast,Casting Device,DK,VOD,OTT Playback,CAST_FAIL,2026-04-13 16:37:00,INC0026,False,False
T000682,2026-05-17 04:23:00,Authentication error on mobile,Login attempts fail on Android mobile devices after entering valid credentials.,High,In Progress,Authentication,Android,Mobile,DK,Login,Identity,AUTH_401,,INC0049,False,False
T000511,2026-05-24 19:27:00,Black screen on Apple TV,Customers report player startup failures on Apple TV devices.,Medium,Resolved,Playback,tvOS,Apple TV,SE,Live TV,OTT Playback,PLAYER_START,2026-05-25 06:23:00,INC0030,False,False
T000059,2026-01-23 02:29:00,Login failing in Android app,The Android application does not complete login for multiple customers.,Medium,Resolved,Authentication,Android,Mobile,DK,Login,Identity,AUTH_401,2026-01-23 12:02:00,INC0048,False,False
T000475,2026-06-25 12:49:00,Black screen on Apple TV Please investigate.,tvOS clients are unable to initialize playback for live content.,High,In Progress,Playback,tvOS,Apple TV,SE,Live TV,OTT Playback,PLAYER_START,,INC0024,False,False
T000561,2026-02-28 03:01:00,Black screen when starting live TV,Playback is failing on Tizen devices. Users report a black screen and DRM errors.,Low,Resolved,DRM,Tizen,Smart TV,DK,Live TV,OTT Playback,DRM_403,2026-02-28 14:08:00,INC0025,False,False
T000857,2026-06-20 12:08:00,Profile avatar not saved,A user cannot save a new profile avatar.,High,Resolved,Other,Tizen,Smart TV,SE,Other,Customer Support,,,,True,False
T000748,2026-06-21 12:30:00,Live TV fails on tvOS,Customers eport player startup failures on Apple TV devices.,High,Closed,Playback,tvOS,Apple TV,SE,Live TV,OTT Playback,PLAYER_START,2026-06-21 23:01:00,INC0020,False,False
T000253,2026-03-03 02:43:00,TV guide has empty slots,Programme guide data is missing for several channels in Norway. Please investigate.,Critical,Resolved,Metadata,All,All,NO,EPG,Content Platform,EPG_MISSING,2026-03-03 06:39:00,INC0047,False,False
T000022,2026-01-13 00:49:00,401 when signing in on Android Please investigate.,Authentication requests from Android are rejected with 401 responses.,Medium,In Progress,Authentication,Android,Mobile,DK,Login,Identity,AUTH_401,,INC0016,False,False
T000314,2026-05-17 04:42:00,401 when signing in on Android,Login attempts fail on Android mobile devices after entering valid credentials.,Low,Resolved,Authentication,Android,Mobile,DK,Login,Identity,AUTH_401,2026-05-17 13:14:00,INC0049,False,False
T000460,2026-04-13 08:17:00,Chromecast cannot start stream,The mobile app connects to Chromecast but streaming fails to initialize.,High,Open,Casting,Chromecast,Casting Device,DK,VOD,OTT Playback,CAST_FAIL,,INC0026,False,False
T000161,2026-06-14 02:15:00,TV guide has empty slots,Programme guide data is missing for several channels in Norway.,Critical,Resolved,Metadata,All,All,NO,EPG,Content Platform,EPG_MISSING,2026-06-14 12:59:00,INC0023,False,False
T000277,2026-01-02 06:50:00,TV guide has empty slots,Customers cannot see programme titles for multiple live chnnels.,Medium,Resolved,Metadata,All,All,NO,EPG,Content Platform,EPG_MISSING,2026-01-02 08:19:00,INC0008,False,False
T000956,2026-01-02 06:52:00,TV guide has empty slots,Customers cannot see programme titles for multiple live chnnels.,Medium,Resolved,Metadata,All,All,NO,EPG,Content Platform,EPG_MISSING,2026-01-02 08:19:00,INC0008,False,True
T000192,2026-03-09 17:39:00,DRM error on Samsung devices,Several customers cannot start playback on Samsung Smart TVs. DRM authorization returns issue 403.,High,Resolved,DRM,Tizen,Smart TV,DK,Live TV,OTT Playback,DRM_403,2026-03-09 20:12:00,INC0040,False,False
T000386,2026-06-05 22:01:00,Login failing in Android app,Customers using the Android app are unable to sign in and receive HTTP 401.,Medium,In Progress,Authentication,Android,Mobile,DK,Login,Identity,AUTH_401,,INC0021,False,False
T000806,2026-06-24 23:57:00,DRM error on Samsung devices,Several customers cannot start playback on Samsung Smart TVs. DRM authorization returns error 403.,Medium,In Progress,DRM,Tizen,Smart TV,DK,Live TV,OTT Playback,DRM_403,,INC0037,False,False
T000414,2026-05-24 17:44:00,Player startup failure Apple TV Please investigate.,Customers report player startup failures on Apple TV devices.,High,In Progress,Playback,tvOS,Apple TV,SE,Live TV,OTT Playback,PLAYER_START,,INC0030,False,False
T000492,2026-01-29 12:52:00,Black screen when starting live TV,Playback is failing on Tizen clients. Users report a black screen and DRM errors.,Medium,Closed,DRM,Tizen,Smart TV,DK,Live TV,OTT Playback,DRM_403,2026-01-29 17:11:00,INC0046,False,False
T000344,2026-05-19 20:35:00,Slow video delivery fom CDN,Video delivery is slow and startup time has increased for browser clients.,Medium,Closed,CDN,Web,Browser,DK,VOD,CDN Operations,CDN_BUFFERING,2026-05-20 07:03:00,INC0044,False,False
T000770,2026-06-04 10:51:00,Cast session disconnects,Casting begins but the session disconnects before video starts.,Medium,Resolved,Casting,Chromecast,Casting Device,DK,VOD,OTT Playback,CAST_FAIL,2026-06-04 14:35:00,INC0012,False,False
T000309,2026-06-21 09:40:00,Apple TV playback does not start,tvOS clients are unable to initialize streaming for live content.,High,Closed,Playback,tvOS,Apple TV,SE,Live TV,OTT Playback,PLAYER_START,2026-06-21 13:39:00,INC0020,False,False
T000662,2026-03-09 19:10:00,Samsung playback returns 403,Playback is failing on Tizen devices. Users report a black screen and DRM errors.,,In Progress,Casting,Tizen,Smart TV,DK,Live TV,OTT Playback,DRM_403,,INC0040,False,False
T000131,2026-03-29 09:48:00,Subscription authorization denied,Customers with an active subscription are denied access to entitled content. Please investigate.,High,In Progress,Authorization,All,All,DK,Subscription,Entitlements,ENTITLEMENT_DENIED,,INC0009,False,False
T000664,2026-02-28 03:39:00,Playback fails on Samsung TV,Playback is failing on Tizen devices. Users report a black screen and DRM errors.,High,Closed,DRM,Tizen,Smart TV,DK,Live TV,OTT Playback,DRM_403,2026-02-28 10:47:00,INC0025,False,False
T000872,2026-02-23 01:45:00,Subtitle preference reset,Subtitle language preference resets after application restart.,High,Closed,Other,iOS,Smart TV,NO,Other,Customer Support,,,,True,False
T000100,2026-05-19 19:10:00,VOD playback buffering in Denmark,VOD sessions show a significant increase in buffering for customers in Denmark.,Critical,In Progress,CDN,Web,Browser,DK,VOD,CDN Operations,CDN_BUFFERING,,INC0044,False,False
T000373,2026-04-28 17:52:00,Samsung playback returns 403,Several customers cannot start playback on Samsung Smart TVs. DRM authorization returns error 403.,High,Open,DRM,Tizen,Smart TV,DK,Live TV,OTT Playback,DRM_403,,INC0013,False,False
T000088,2026-06-21 09:15:00,Black screen on Apple TV,Live channels do not start on Apple TV. The player remains on a black screen.,Low,In Progress,Playback,tvOS,Apple TV,SE,Live TV,OTT Playback,PLAYER_START,,INC0020,False,False
T000459,2026-05-24 08:02:00,Samsung playback returns 403,Users on Samsung Smart TV are unable to play content. Error 403 is observed during DRM validation.,Medium,In Progress,DRM,Tizen,Smart TV,DK,Live TV,OTT Playback,DRM_403,,INC0006,False,False
T000331,2026-01-25 15:47:00,Entitlement check failing,Content access is blocked even though the subscription is active.,Medium,Resolved,Authorization,All,All,DK,Subscription,Entitlements,ENTITLEMENT_DENIED,2026-01-25 21:50:00,INC0011,False,False
T000215,2026-05-27 00:03:00,Live TV fails on tvOS,Playback requests on tvOS are accepted but video never starts.,High,Resolved,Playback,tvOS,Apple TV,SE,Live TV,OTT Playback,PLAYER_START,2026-05-27 07:00:00,INC0027,False,False
T000467,2026-03-03 02:29:00,EPG not updating,Customers cannot see programme titles for multiple live channels.,,Resolved,Metadata,All,All,NO,EPG,Content Platform,EPG_MISSING,2026-03-03 10:21:00,INC0047,False,False
T000122,2026-05-27 01:19:00,Live TV fails on tvOS,Live channels do not start on Apple TV. The player remains on a black screen.,Medium,Closed,Playback,tvOS,Apple TV,SE,Live TV,OTT Playback,PLAYER_START,2026-05-27 11:01:00,INC0027,False,False
T000615,2026-01-29 15:14:00,DRM error on Samsung devices,Users on Samsung Smart TV are unable to play content. Error 403 is observed during DRM validation.,Critical,Resolved,DRM,Tizen,Smart TV,DK,Live TV,OTT Playback,DRM_403,2026-01-30 03:13:00,INC0046,False,False
T000021,2026-05-24 20:06:00,Player startup failure Apple TV,Playback requests on tvOS are accepted but video never starts.,Medium,Closed,Playback,tvOS,Apple TV,SE,Live TV,OTT Playback,PLAYER_START,2026-05-25 05:29:00,INC0030,False,False
T000701,2026-02-11 15:26:00,Player startup failure Apple TV,Playback requests on tvOS are accepted but video never starts.,High,In Progress,Playback,tvOS,Apple TV,SE,Live TV,OTT Playback,PLAYER_START,,INC0022,False,False
T000072,2026-03-29 09:46:00,Subscription authorization denied,Content access is blocked even though the subscription is active.,High,Resolved,Authorization,All,All,DK,Subscription,Entitlements,ENTITLEMENT_DENIED,2026-03-29 19:11:00,INC0009,False,False
T000107,2026-06-25 11:04:00,Live TV fails on tvOS,Playback requests on tvOS are accepted but video never starts.,Medium,Open,Playback,tvOS,Apple TV,SE,Live TV,OTT Playback,PLAYER_START,,INC0024,False,False
T000271,2026-05-28 08:39:00,Chromecast cannot start stream,Customers annot start VOD playback through Chromecast.,High,In Progress,Casting,Chromecast,Casting Device,DK,VOD,OTT Playback,CAST_FAIL,,INC0015,False,False
T000861,2026-01-03 01:21:00,Remote control issue,One customer reports that the remote control is not responding.,Low,Resolved,Other,Tizen,Mobile,SE,Other,Customer Support,,,,True,False
T000436,2026-01-25 15:48:00,Customers see not subscribed message,Content access is blocked even though the subscription is active.,High,Resolved,Authorization,All,All,DK,Subscription,Entitlements,ENTITLEMENT_DENIED,2026-01-25 23:37:00,INC0011,False,False
T000103,2026-06-21 10:47:00,Black screen on Apple TV,Playback requests on tvOS are accepted but video never starts.,High,Closed,Playback,tvOS,Apple TV,SE,Live TV,OTT Playback,PLAYER_START,2026-06-21 15:17:00,INC0020,False,False
